DemW10_R1,DemW18_R1,DemM6,DemM7,DemW3,prlfc_dem_age,DemC5,DemC8,DemC9,DemC23,CVDID
2.0,3.0,2.0,1.0,5.0,55.0,2.0,2.0,5.0,5.0,2.0
3.0,3.0,3.0,1.0,49.0,64.0,2.0,2.0,5.0,5.0,3.0
2.0,1.0,2.0,4.0,5.0,23.0,1.0,1.0,7.0,1.0,4.0
2.0,1.0,1.0,6.0,5.0,47.0,2.0,2.0,5.0,2.0,6.0
2.0,2.0,4.0,4.0,47.0,48.0,2.0,2.0,5.0,3.0,7.0
2.0,5.0,1.0,6.0,17.0,36.0,2.0,2.0,5.0,3.0,8.0
2.0,1.0,2.0,1.0,5.0,23.0,2.0,2.0,5.0,2.0,9.0
2.0,7.0,3.0,4.0,10.0,21.0,1.0,2.0,6.0,3.0,10.0
2.0,4.0,2.0,4.0,5.0,28.0,2.0,1.0,5.0,3.0,11.0
3.0,2.0,2.0,1.0,18.0,56.0,1.0,2.0,5.0,6.0,12.0
2.0,1.0,1.0,5.0,3.0,26.0,1.0,2.0,2.0,5.0,13.0
3.0,1.0,3.0,3.0,36.0,69.0,2.0,2.0,5.0,2.0,14.0
2.0,1.0,2.0,1.0,10.0,38.0,2.0,2.0,4.0,5.0,16.0
2.0,1.0,2.0,2.0,23.0,48.0,1.0,2.0,5.0,3.0,17.0
2.0,6.0,2.0,3.0,5.0,50.0,2.0,2.0,5.0,4.0,19.0
3.0,2.0,2.0,3.0,5.0,71.0,1.0,2.0,5.0,5.0,20.0
2.0,4.0,3.0,1.0,20.0,50.0,2.0,2.0,5.0,5.0,21.0
3.0,3.0,2.0,2.0,17.0,74.0,1.0,2.0,5.0,2.0,22.0
3.0,1.0,2.0,4.0,32.0,58.0,1.0,2.0,5.0,2.0,23.0
2.0,2.0,2.0,7.0,10.0,29.0,1.0,2.0,5.0,2.0,25.0
2.0,1.0,2.0,3.0,7.0,20.0,2.0,2.0,2.0,2.0,26.0
2.0,1.0,2.0,3.0,42.0,61.0,2.0,2.0,5.0,4.0,28.0
2.0,1.0,3.0,2.0,48.0,24.0,1.0,2.0,5.0,1.0,29.0
2.0,7.0,4.0,1.0,3.0,23.0,2.0,2.0,1.0,1.0,30.0
2.0,1.0,2.0,1.0,43.0,25.0,1.0,1.0,5.0,3.0,31.0
2.0,1.0,2.0,2.0,5.0,36.0,1.0,2.0,5.0,2.0,33.0
2.0,7.0,2.0,4.0,5.0,21.0,1.0,2.0,2.0,2.0,34.0
2.0,1.0,2.0,1.0,47.0,54.0,1.0,2.0,5.0,3.0,35.0
2.0,1.0,2.0,4.0,13.0,20.0,1.0,1.0,7.0,3.0,36.0
2.0,1.0,2.0,2.0,4.0,32.0,1.0,2.0,5.0,2.0,38.0
2.0,1.0,3.0,3.0,25.0,26.0,2.0,2.0,2.0,9.0,39.0
2.0,1.0,3.0,3.0,10.0,21.0,2.0,2.0,4.0,3.0,40.0
2.0,1.0,2.0,3.0,5.0,36.0,1.0,2.0,2.0,7.0,41.0
2.0,1.0,2.0,1.0,47.0,49.0,2.0,2.0,4.0,5.0,42.0
2.0,1.0,2.0,2.0,6.0,55.0,2.0,2.0,2.0,3.0,44.0
3.0,1.0,2.0,1.0,47.0,65.0,2.0,2.0,5.0,2.0,45.0
2.0,1.0,3.0,5.0,9.0,24.0,2.0,2.0,5.0,2.0,47.0
2.0,1.0,2.0,1.0,1.0,36.0,2.0,2.0,5.0,3.0,48.0
2.0,1.0,2.0,2.0,14.0,34.0,2.0,2.0,5.0,3.0,51.0
2.0,1.0,2.0,2.0,5.0,25.0,1.0,2.0,3.0,2.0,52.0
2.0,1.0,3.0,6.0,26.0,44.0,1.0,2.0,5.0,3.0,53.0
2.0,7.0,3.0,4.0,5.0,19.0,1.0,1.0,5.0,2.0,54.0
2.0,1.0,2.0,1.0,14.0,44.0,1.0,2.0,5.0,4.0,55.0
2.0,5.0,2.0,2.0,46.0,34.0,2.0,2.0,4.0,7.0,56.0
2.0,5.0,2.0,1.0,22.0,18.0,1.0,2.0,4.0,1.0,57.0
2.0,1.0,4.0,1.0,14.0,44.0,1.0,2.0,5.0,3.0,58.0
3.0,4.0,3.0,2.0,43.0,58.0,2.0,2.0,5.0,7.0,59.0
3.0,1.0,1.0,7.0,43.0,60.0,2.0,2.0,5.0,2.0,60.0
2.0,4.0,2.0,3.0,35.0,54.0,2.0,2.0,5.0,5.0,61.0
3.0,2.0,1.0,5.0,14.0,64.0,1.0,2.0,5.0,3.0,63.0
2.0,2.0,1.0,6.0,21.0,49.0,2.0,1.0,5.0,7.0,64.0
3.0,3.0,2.0,1.0,5.0,66.0,1.0,2.0,5.0,6.0,65.0
2.0,1.0,3.0,3.0,7.0,35.0,1.0,2.0,5.0,3.0,69.0
2.0,1.0,2.0,2.0,3.0,21.0,1.0,2.0,6.0,3.0,72.0
2.0,1.0,2.0,1.0,3.0,28.0,2.0,1.0,5.0,2.0,73.0
2.0,1.0,1.0,7.0,5.0,25.0,1.0,1.0,5.0,2.0,76.0
2.0,1.0,2.0,6.0,49.0,24.0,1.0,2.0,2.0,6.0,78.0
2.0,1.0,3.0,4.0,10.0,52.0,2.0,2.0,5.0,3.0,79.0
1.0,1.0,2.0,5.0,5.0,19.0,2.0,1.0,6.0,3.0,80.0
2.0,1.0,2.0,3.0,35.0,23.0,1.0,1.0,5.0,4.0,83.0
2.0,1.0,1.0,5.0,23.0,25.0,2.0,2.0,2.0,5.0,84.0
2.0,1.0,2.0,1.0,35.0,30.0,1.0,2.0,5.0,2.0,86.0
2.0,1.0,2.0,1.0,5.0,39.0,1.0,2.0,2.0,5.0,88.0
2.0,1.0,3.0,1.0,37.0,21.0,1.0,2.0,5.0,3.0,89.0
3.0,1.0,3.0,5.0,28.0,63.0,1.0,2.0,5.0,5.0,91.0
3.0,2.0,1.0,7.0,37.0,68.0,2.0,2.0,5.0,5.0,93.0
3.0,2.0,2.0,2.0,47.0,55.0,2.0,2.0,5.0,3.0,96.0
2.0,1.0,3.0,4.0,32.0,21.0,1.0,2.0,5.0,2.0,97.0
2.0,1.0,2.0,1.0,32.0,30.0,2.0,2.0,4.0,7.0,99.0
2.0,1.0,1.0,7.0,46.0,38.0,1.0,2.0,5.0,3.0,100.0
2.0,1.0,2.0,2.0,5.0,35.0,1.0,2.0,5.0,5.0,101.0
3.0,4.0,3.0,6.0,32.0,56.0,1.0,2.0,5.0,5.0,103.0
2.0,1.0,1.0,5.0,5.0,38.0,1.0,2.0,5.0,2.0,104.0
2.0,7.0,2.0,2.0,36.0,23.0,1.0,2.0,5.0,5.0,107.0
2.0,1.0,3.0,2.0,18.0,34.0,1.0,2.0,5.0,3.0,109.0
2.0,2.0,2.0,1.0,25.0,47.0,1.0,2.0,4.0,5.0,111.0
2.0,1.0,3.0,4.0,22.0,58.0,2.0,2.0,5.0,2.0,112.0
2.0,2.0,3.0,6.0,42.0,68.0,2.0,2.0,5.0,8.0,113.0
3.0,1.0,2.0,2.0,17.0,66.0,2.0,2.0,4.0,3.0,114.0
2.0,1.0,2.0,2.0,37.0,56.0,1.0,2.0,5.0,5.0,116.0
2.0,2.0,2.0,2.0,36.0,35.0,2.0,2.0,5.0,2.0,117.0
2.0,2.0,2.0,1.0,5.0,22.0,2.0,1.0,7.0,3.0,119.0
2.0,7.0,2.0,2.0,10.0,20.0,2.0,2.0,2.0,2.0,122.0
3.0,2.0,2.0,2.0,43.0,61.0,2.0,2.0,5.0,3.0,124.0
2.0,1.0,3.0,3.0,33.0,27.0,1.0,2.0,4.0,3.0,125.0
2.0,1.0,2.0,1.0,35.0,26.0,1.0,2.0,5.0,1.0,126.0
2.0,5.0,1.0,5.0,35.0,49.0,2.0,2.0,5.0,2.0,129.0
2.0,1.0,2.0,3.0,5.0,19.0,1.0,2.0,2.0,3.0,130.0
2.0,1.0,2.0,2.0,47.0,28.0,1.0,2.0,5.0,4.0,132.0
2.0,1.0,2.0,2.0,28.0,23.0,1.0,2.0,2.0,3.0,133.0
2.0,7.0,2.0,2.0,5.0,19.0,2.0,2.0,2.0,2.0,134.0
2.0,1.0,3.0,4.0,47.0,54.0,2.0,2.0,7.0,3.0,135.0
2.0,1.0,2.0,2.0,5.0,18.0,1.0,2.0,5.0,2.0,136.0
2.0,1.0,3.0,4.0,4.0,41.0,2.0,2.0,5.0,3.0,139.0
3.0,3.0,1.0,7.0,5.0,62.0,1.0,2.0,5.0,5.0,140.0
3.0,1.0,2.0,3.0,30.0,46.0,2.0,2.0,5.0,7.0,141.0
2.0,1.0,1.0,7.0,47.0,62.0,2.0,2.0,5.0,2.0,142.0
2.0,1.0,3.0,5.0,43.0,25.0,1.0,2.0,4.0,4.0,143.0
2.0,1.0,3.0,1.0,9.0,26.0,1.0,2.0,5.0,2.0,145.0
2.0,1.0,3.0,4.0,13.0,30.0,1.0,2.0,5.0,2.0,146.0
2.0,3.0,4.0,2.0,22.0,35.0,2.0,2.0,5.0,1.0,148.0
2.0,1.0,3.0,3.0,49.0,34.0,1.0,2.0,5.0,3.0,149.0
2.0,1.0,3.0,5.0,13.0,18.0,1.0,1.0,5.0,3.0,150.0
2.0,4.0,1.0,5.0,27.0,32.0,2.0,2.0,5.0,3.0,152.0
2.0,1.0,3.0,3.0,9.0,31.0,1.0,2.0,4.0,5.0,153.0
2.0,5.0,1.0,4.0,35.0,64.0,2.0,2.0,5.0,4.0,154.0
2.0,7.0,3.0,3.0,40.0,23.0,2.0,2.0,5.0,5.0,156.0
3.0,4.0,1.0,5.0,5.0,58.0,1.0,2.0,5.0,7.0,157.0
2.0,1.0,2.0,2.0,13.0,23.0,1.0,2.0,5.0,3.0,158.0
2.0,1.0,2.0,2.0,9.0,23.0,2.0,2.0,5.0,1.0,160.0
3.0,3.0,2.0,2.0,43.0,68.0,1.0,2.0,5.0,7.0,161.0
2.0,1.0,3.0,3.0,9.0,26.0,1.0,2.0,2.0,6.0,162.0
2.0,2.0,2.0,2.0,35.0,24.0,2.0,2.0,4.0,2.0,163.0
3.0,1.0,3.0,1.0,14.0,66.0,2.0,2.0,5.0,2.0,164.0
2.0,1.0,2.0,3.0,46.0,22.0,2.0,2.0,5.0,2.0,165.0
3.0,4.0,2.0,4.0,10.0,51.0,1.0,2.0,5.0,5.0,166.0
2.0,7.0,4.0,4.0,5.0,38.0,1.0,2.0,5.0,2.0,167.0
2.0,1.0,2.0,1.0,5.0,23.0,1.0,1.0,5.0,3.0,168.0
3.0,1.0,2.0,1.0,9.0,65.0,1.0,2.0,5.0,4.0,170.0
3.0,3.0,2.0,2.0,31.0,68.0,2.0,1.0,5.0,5.0,171.0
2.0,1.0,2.0,3.0,5.0,27.0,2.0,2.0,2.0,3.0,176.0
2.0,1.0,3.0,2.0,5.0,24.0,2.0,2.0,5.0,4.0,177.0
3.0,2.0,2.0,2.0,5.0,68.0,2.0,2.0,5.0,7.0,178.0
2.0,1.0,2.0,2.0,37.0,22.0,2.0,2.0,5.0,2.0,179.0
2.0,1.0,2.0,2.0,5.0,23.0,1.0,2.0,6.0,2.0,181.0
3.0,1.0,2.0,2.0,9.0,59.0,2.0,2.0,5.0,5.0,182.0
2.0,1.0,3.0,2.0,30.0,29.0,1.0,2.0,4.0,5.0,185.0
3.0,2.0,2.0,5.0,35.0,63.0,2.0,2.0,5.0,3.0,186.0
3.0,3.0,3.0,4.0,25.0,68.0,1.0,2.0,5.0,5.0,187.0
2.0,1.0,1.0,5.0,18.0,61.0,2.0,2.0,5.0,2.0,189.0
3.0,3.0,3.0,6.0,43.0,70.0,1.0,2.0,5.0,5.0,190.0
2.0,3.0,2.0,2.0,4.0,52.0,2.0,2.0,5.0,3.0,191.0
2.0,1.0,1.0,5.0,4.0,53.0,2.0,2.0,5.0,3.0,192.0
2.0,3.0,1.0,7.0,32.0,66.0,2.0,1.0,7.0,5.0,193.0
3.0,3.0,2.0,2.0,42.0,36.0,1.0,2.0,5.0,2.0,194.0
2.0,1.0,3.0,5.0,22.0,26.0,1.0,2.0,5.0,2.0,200.0
2.0,1.0,3.0,4.0,13.0,20.0,1.0,2.0,2.0,2.0,201.0
2.0,7.0,2.0,2.0,5.0,21.0,2.0,2.0,2.0,2.0,202.0
2.0,7.0,2.0,3.0,5.0,20.0,2.0,2.0,5.0,2.0,203.0
2.0,1.0,3.0,2.0,5.0,31.0,1.0,2.0,5.0,3.0,205.0
2.0,2.0,2.0,1.0,47.0,39.0,2.0,2.0,5.0,5.0,206.0
2.0,1.0,2.0,2.0,5.0,20.0,2.0,2.0,6.0,3.0,207.0
2.0,1.0,3.0,2.0,5.0,25.0,1.0,2.0,2.0,3.0,208.0
2.0,1.0,4.0,4.0,5.0,28.0,1.0,1.0,6.0,5.0,209.0
3.0,2.0,2.0,2.0,37.0,68.0,1.0,2.0,5.0,3.0,211.0
2.0,1.0,2.0,1.0,13.0,28.0,1.0,2.0,5.0,5.0,214.0
2.0,7.0,2.0,1.0,30.0,20.0,2.0,1.0,6.0,2.0,215.0
3.0,2.0,1.0,7.0,47.0,65.0,2.0,2.0,5.0,3.0,216.0
2.0,2.0,3.0,4.0,5.0,24.0,1.0,2.0,5.0,3.0,217.0
3.0,2.0,1.0,5.0,15.0,74.0,1.0,2.0,5.0,3.0,218.0
2.0,2.0,1.0,2.0,1.0,53.0,1.0,2.0,6.0,3.0,219.0
2.0,7.0,3.0,4.0,32.0,19.0,1.0,1.0,6.0,2.0,220.0
3.0,7.0,2.0,2.0,24.0,56.0,2.0,2.0,4.0,3.0,221.0
2.0,1.0,3.0,3.0,9.0,24.0,1.0,2.0,4.0,3.0,222.0
3.0,2.0,3.0,5.0,1.0,68.0,2.0,2.0,5.0,3.0,223.0
2.0,1.0,3.0,4.0,5.0,27.0,1.0,2.0,4.0,4.0,224.0
2.0,1.0,1.0,5.0,43.0,47.0,2.0,2.0,5.0,3.0,225.0
2.0,1.0,1.0,6.0,43.0,18.0,1.0,1.0,6.0,3.0,226.0
3.0,2.0,3.0,5.0,30.0,69.0,1.0,2.0,5.0,5.0,228.0
2.0,1.0,2.0,1.0,46.0,32.0,1.0,2.0,5.0,2.0,229.0
3.0,4.0,2.0,3.0,5.0,68.0,1.0,2.0,5.0,7.0,230.0
2.0,2.0,3.0,3.0,38.0,66.0,2.0,2.0,5.0,2.0,231.0
2.0,1.0,2.0,5.0,30.0,21.0,1.0,1.0,8.0,2.0,232.0
3.0,6.0,2.0,2.0,35.0,62.0,2.0,2.0,5.0,5.0,233.0
3.0,5.0,2.0,2.0,3.0,63.0,2.0,2.0,5.0,5.0,234.0
2.0,1.0,2.0,3.0,35.0,19.0,1.0,2.0,4.0,4.0,235.0
2.0,1.0,2.0,2.0,5.0,26.0,2.0,1.0,5.0,5.0,236.0
2.0,2.0,3.0,3.0,5.0,30.0,1.0,2.0,6.0,4.0,240.0
1.0,1.0,3.0,3.0,49.0,35.0,1.0,2.0,5.0,5.0,241.0
2.0,2.0,2.0,1.0,5.0,64.0,2.0,2.0,5.0,5.0,242.0
2.0,1.0,2.0,2.0,5.0,21.0,2.0,2.0,4.0,3.0,246.0
2.0,1.0,3.0,4.0,37.0,46.0,2.0,2.0,5.0,4.0,247.0
3.0,4.0,1.0,5.0,13.0,65.0,1.0,2.0,5.0,7.0,248.0
2.0,1.0,2.0,3.0,32.0,20.0,2.0,2.0,5.0,3.0,249.0
2.0,1.0,3.0,3.0,43.0,19.0,2.0,2.0,2.0,3.0,251.0
2.0,4.0,2.0,2.0,20.0,38.0,1.0,2.0,5.0,3.0,253.0
2.0,1.0,2.0,1.0,33.0,27.0,2.0,2.0,5.0,6.0,255.0
2.0,1.0,1.0,2.0,33.0,34.0,2.0,2.0,5.0,7.0,256.0
2.0,1.0,2.0,2.0,35.0,59.0,1.0,2.0,5.0,3.0,258.0
2.0,1.0,2.0,1.0,18.0,25.0,1.0,2.0,5.0,3.0,260.0
2.0,1.0,2.0,3.0,5.0,19.0,2.0,2.0,2.0,3.0,261.0
2.0,1.0,2.0,3.0,43.0,24.0,2.0,2.0,4.0,3.0,262.0
2.0,1.0,2.0,2.0,5.0,27.0,2.0,1.0,7.0,3.0,263.0
2.0,1.0,1.0,6.0,42.0,19.0,1.0,2.0,5.0,3.0,265.0
1.0,2.0,3.0,4.0,17.0,41.0,1.0,2.0,5.0,4.0,266.0
1.0,1.0,2.0,2.0,13.0,25.0,2.0,2.0,5.0,5.0,267.0
2.0,1.0,2.0,2.0,5.0,23.0,2.0,1.0,5.0,5.0,269.0
1.0,2.0,4.0,1.0,33.0,28.0,1.0,2.0,5.0,5.0,272.0
2.0,1.0,3.0,4.0,25.0,24.0,2.0,3.0,6.0,4.0,273.0
2.0,1.0,3.0,6.0,5.0,20.0,1.0,2.0,5.0,3.0,277.0
1.0,1.0,2.0,3.0,47.0,59.0,2.0,2.0,5.0,7.0,279.0
2.0,1.0,3.0,2.0,32.0,20.0,2.0,2.0,4.0,4.0,280.0
2.0,1.0,2.0,5.0,5.0,34.0,1.0,2.0,2.0,7.0,282.0
2.0,1.0,2.0,4.0,5.0,26.0,1.0,3.0,2.0,3.0,284.0
1.0,1.0,2.0,1.0,49.0,20.0,2.0,2.0,6.0,2.0,286.0
1.0,6.0,2.0,1.0,48.0,48.0,1.0,2.0,5.0,7.0,290.0
2.0,1.0,2.0,4.0,38.0,27.0,1.0,2.0,5.0,2.0,292.0
2.0,1.0,2.0,3.0,9.0,25.0,1.0,2.0,4.0,4.0,293.0
2.0,1.0,3.0,5.0,3.0,59.0,1.0,2.0,5.0,4.0,294.0
1.0,1.0,4.0,1.0,47.0,55.0,2.0,2.0,5.0,8.0,296.0
2.0,1.0,3.0,4.0,32.0,33.0,1.0,2.0,4.0,4.0,297.0
1.0,1.0,2.0,2.0,33.0,24.0,1.0,2.0,5.0,5.0,298.0
2.0,1.0,2.0,2.0,43.0,24.0,2.0,2.0,2.0,5.0,299.0
2.0,1.0,2.0,1.0,14.0,21.0,1.0,2.0,5.0,2.0,301.0
1.0,1.0,2.0,1.0,37.0,28.0,1.0,2.0,5.0,7.0,303.0
2.0,1.0,2.0,2.0,35.0,58.0,1.0,2.0,5.0,5.0,305.0
2.0,1.0,1.0,6.0,32.0,32.0,2.0,3.0,5.0,3.0,308.0
1.0,1.0,2.0,2.0,32.0,23.0,1.0,2.0,2.0,5.0,309.0
1.0,2.0,2.0,3.0,6.0,26.0,2.0,2.0,5.0,4.0,310.0
2.0,1.0,2.0,1.0,38.0,25.0,2.0,2.0,4.0,7.0,311.0
2.0,1.0,2.0,2.0,10.0,23.0,1.0,2.0,4.0,5.0,312.0
2.0,1.0,2.0,2.0,30.0,56.0,2.0,2.0,5.0,2.0,313.0
2.0,1.0,3.0,4.0,40.0,35.0,2.0,2.0,5.0,4.0,314.0
2.0,1.0,2.0,3.0,22.0,38.0,2.0,2.0,5.0,5.0,316.0
2.0,1.0,3.0,3.0,9.0,48.0,2.0,1.0,6.0,5.0,317.0
2.0,1.0,2.0,1.0,25.0,47.0,2.0,2.0,5.0,5.0,318.0
1.0,1.0,3.0,4.0,22.0,25.0,2.0,2.0,2.0,5.0,319.0
2.0,1.0,2.0,2.0,35.0,33.0,2.0,2.0,5.0,5.0,321.0
2.0,1.0,2.0,2.0,11.0,20.0,2.0,2.0,6.0,2.0,322.0
2.0,1.0,2.0,2.0,5.0,30.0,2.0,2.0,5.0,3.0,323.0
2.0,1.0,3.0,4.0,32.0,29.0,2.0,2.0,4.0,3.0,325.0
1.0,1.0,2.0,1.0,5.0,30.0,2.0,2.0,5.0,3.0,327.0
2.0,7.0,3.0,4.0,49.0,20.0,2.0,2.0,5.0,3.0,328.0
2.0,1.0,2.0,2.0,33.0,52.0,2.0,2.0,5.0,5.0,332.0
2.0,1.0,2.0,3.0,39.0,23.0,1.0,1.0,5.0,5.0,336.0
2.0,1.0,1.0,6.0,32.0,28.0,1.0,2.0,5.0,2.0,338.0
2.0,1.0,3.0,5.0,12.0,24.0,1.0,2.0,5.0,3.0,340.0
2.0,1.0,2.0,2.0,5.0,21.0,2.0,2.0,2.0,5.0,341.0
2.0,1.0,4.0,4.0,16.0,58.0,1.0,2.0,5.0,2.0,342.0
2.0,1.0,1.0,4.0,9.0,63.0,2.0,2.0,5.0,2.0,343.0
2.0,1.0,2.0,3.0,5.0,25.0,1.0,2.0,6.0,3.0,345.0
3.0,3.0,2.0,1.0,49.0,55.0,2.0,2.0,5.0,3.0,349.0
1.0,2.0,2.0,2.0,28.0,28.0,1.0,2.0,5.0,4.0,353.0
2.0,1.0,2.0,3.0,22.0,30.0,2.0,2.0,4.0,5.0,354.0
1.0,1.0,3.0,2.0,32.0,49.0,2.0,2.0,5.0,3.0,355.0
1.0,2.0,2.0,2.0,43.0,48.0,1.0,2.0,4.0,5.0,356.0
2.0,1.0,3.0,2.0,32.0,60.0,2.0,2.0,5.0,6.0,358.0
1.0,2.0,2.0,4.0,13.0,62.0,2.0,2.0,5.0,3.0,359.0
2.0,1.0,2.0,1.0,32.0,20.0,2.0,2.0,5.0,3.0,361.0
1.0,1.0,3.0,3.0,28.0,33.0,1.0,2.0,5.0,5.0,364.0
2.0,1.0,3.0,7.0,9.0,49.0,1.0,2.0,5.0,4.0,365.0
2.0,1.0,2.0,3.0,5.0,41.0,2.0,2.0,5.0,5.0,366.0
2.0,1.0,2.0,1.0,17.0,48.0,2.0,2.0,5.0,5.0,367.0
1.0,3.0,3.0,1.0,19.0,34.0,1.0,2.0,5.0,5.0,368.0
2.0,1.0,3.0,1.0,42.0,24.0,1.0,2.0,5.0,6.0,370.0
3.0,2.0,2.0,1.0,22.0,68.0,2.0,2.0,5.0,3.0,371.0
2.0,1.0,1.0,1.0,37.0,21.0,2.0,1.0,5.0,3.0,372.0
2.0,1.0,2.0,2.0,43.0,26.0,2.0,2.0,5.0,7.0,374.0
2.0,1.0,3.0,4.0,46.0,45.0,1.0,2.0,4.0,4.0,376.0
2.0,1.0,1.0,6.0,6.0,55.0,2.0,2.0,5.0,3.0,383.0
2.0,1.0,2.0,3.0,36.0,43.0,2.0,2.0,6.0,3.0,384.0
1.0,1.0,2.0,1.0,37.0,44.0,2.0,2.0,5.0,5.0,385.0
2.0,1.0,2.0,2.0,15.0,24.0,2.0,2.0,5.0,2.0,387.0
1.0,1.0,3.0,2.0,3.0,36.0,1.0,2.0,5.0,3.0,388.0
3.0,3.0,2.0,1.0,3.0,67.0,2.0,2.0,5.0,5.0,389.0
2.0,1.0,3.0,2.0,6.0,40.0,2.0,2.0,5.0,5.0,390.0
2.0,1.0,2.0,3.0,47.0,24.0,1.0,2.0,5.0,6.0,391.0
2.0,1.0,2.0,2.0,20.0,22.0,1.0,2.0,6.0,2.0,392.0
2.0,1.0,1.0,2.0,30.0,39.0,1.0,2.0,5.0,4.0,394.0
2.0,1.0,2.0,3.0,13.0,34.0,1.0,2.0,4.0,3.0,395.0
3.0,4.0,3.0,5.0,6.0,68.0,1.0,2.0,5.0,7.0,397.0
1.0,4.0,1.0,4.0,3.0,57.0,1.0,2.0,5.0,3.0,398.0
2.0,1.0,3.0,1.0,6.0,31.0,1.0,2.0,5.0,5.0,401.0
1.0,2.0,2.0,1.0,35.0,49.0,2.0,2.0,2.0,5.0,403.0
2.0,1.0,1.0,6.0,12.0,60.0,1.0,2.0,5.0,3.0,405.0
2.0,2.0,3.0,3.0,35.0,54.0,2.0,2.0,5.0,2.0,406.0
2.0,1.0,2.0,3.0,5.0,29.0,1.0,1.0,1.0,2.0,407.0
2.0,2.0,2.0,2.0,13.0,25.0,1.0,2.0,4.0,3.0,408.0
1.0,1.0,2.0,3.0,22.0,31.0,1.0,2.0,5.0,3.0,409.0
2.0,5.0,2.0,3.0,9.0,46.0,1.0,2.0,5.0,2.0,410.0
1.0,5.0,3.0,4.0,28.0,51.0,2.0,2.0,5.0,5.0,411.0
2.0,1.0,1.0,5.0,5.0,40.0,1.0,2.0,2.0,5.0,413.0
2.0,1.0,2.0,2.0,35.0,43.0,2.0,2.0,5.0,3.0,414.0
2.0,2.0,2.0,1.0,32.0,26.0,1.0,2.0,5.0,3.0,417.0
2.0,1.0,2.0,4.0,9.0,39.0,2.0,2.0,4.0,4.0,419.0
1.0,1.0,3.0,1.0,5.0,34.0,1.0,2.0,5.0,5.0,420.0
2.0,4.0,3.0,4.0,5.0,32.0,2.0,2.0,2.0,5.0,424.0
2.0,1.0,2.0,2.0,5.0,31.0,1.0,2.0,2.0,5.0,427.0
2.0,1.0,2.0,4.0,5.0,22.0,2.0,2.0,4.0,3.0,428.0
2.0,1.0,1.0,6.0,43.0,60.0,1.0,2.0,5.0,2.0,429.0
1.0,1.0,3.0,5.0,38.0,37.0,1.0,2.0,5.0,3.0,431.0
3.0,2.0,2.0,5.0,24.0,55.0,2.0,2.0,4.0,3.0,432.0
1.0,3.0,3.0,5.0,9.0,57.0,1.0,2.0,5.0,3.0,434.0
2.0,2.0,2.0,1.0,23.0,48.0,1.0,2.0,5.0,5.0,435.0
1.0,2.0,2.0,2.0,29.0,34.0,2.0,2.0,5.0,7.0,436.0
1.0,1.0,2.0,2.0,31.0,35.0,1.0,1.0,6.0,5.0,437.0
2.0,1.0,2.0,3.0,13.0,37.0,1.0,2.0,5.0,5.0,438.0
1.0,3.0,2.0,3.0,6.0,52.0,1.0,2.0,5.0,3.0,439.0
1.0,7.0,2.0,1.0,23.0,29.0,1.0,2.0,2.0,9.0,440.0
1.0,4.0,2.0,2.0,16.0,43.0,1.0,2.0,5.0,3.0,442.0
2.0,1.0,3.0,4.0,35.0,41.0,2.0,2.0,5.0,7.0,443.0
3.0,4.0,1.0,5.0,5.0,71.0,1.0,1.0,7.0,4.0,444.0
2.0,2.0,2.0,1.0,35.0,35.0,2.0,2.0,5.0,4.0,445.0
2.0,1.0,2.0,1.0,38.0,30.0,1.0,2.0,5.0,3.0,447.0
2.0,1.0,2.0,2.0,5.0,23.0,2.0,2.0,2.0,2.0,448.0
2.0,3.0,2.0,3.0,13.0,33.0,1.0,2.0,5.0,5.0,452.0
1.0,2.0,3.0,2.0,9.0,25.0,2.0,1.0,5.0,5.0,453.0
1.0,1.0,3.0,3.0,43.0,32.0,2.0,1.0,5.0,2.0,454.0
2.0,1.0,3.0,4.0,22.0,30.0,2.0,2.0,5.0,4.0,455.0
3.0,2.0,2.0,2.0,28.0,73.0,2.0,2.0,5.0,9.0,457.0
1.0,3.0,2.0,2.0,47.0,48.0,1.0,2.0,5.0,5.0,459.0
2.0,1.0,2.0,2.0,47.0,53.0,1.0,2.0,5.0,2.0,460.0
2.0,1.0,3.0,2.0,5.0,23.0,2.0,2.0,2.0,5.0,461.0
2.0,1.0,2.0,3.0,7.0,33.0,1.0,2.0,5.0,7.0,463.0
2.0,3.0,1.0,6.0,22.0,37.0,2.0,2.0,5.0,5.0,466.0
1.0,1.0,3.0,3.0,46.0,47.0,2.0,2.0,5.0,5.0,469.0
2.0,3.0,2.0,3.0,5.0,49.0,2.0,2.0,5.0,3.0,470.0
2.0,1.0,3.0,4.0,30.0,33.0,2.0,2.0,5.0,3.0,471.0
2.0,1.0,3.0,3.0,32.0,64.0,1.0,2.0,5.0,3.0,476.0
1.0,6.0,2.0,2.0,17.0,34.0,2.0,2.0,5.0,5.0,478.0
2.0,1.0,3.0,3.0,3.0,52.0,1.0,2.0,5.0,3.0,479.0
1.0,1.0,3.0,4.0,9.0,45.0,1.0,2.0,5.0,5.0,480.0
1.0,5.0,1.0,6.0,42.0,61.0,2.0,2.0,5.0,5.0,481.0
1.0,1.0,2.0,2.0,13.0,36.0,1.0,2.0,2.0,5.0,482.0
1.0,2.0,2.0,6.0,32.0,28.0,1.0,1.0,5.0,3.0,484.0
1.0,1.0,3.0,1.0,32.0,35.0,2.0,2.0,5.0,10.0,485.0
1.0,1.0,2.0,2.0,13.0,26.0,2.0,2.0,5.0,5.0,486.0
2.0,1.0,3.0,4.0,9.0,41.0,2.0,2.0,5.0,2.0,489.0
1.0,2.0,2.0,2.0,5.0,21.0,2.0,2.0,6.0,4.0,490.0
1.0,1.0,2.0,2.0,47.0,40.0,2.0,2.0,5.0,2.0,491.0
2.0,1.0,2.0,1.0,32.0,49.0,2.0,2.0,5.0,6.0,492.0
1.0,1.0,1.0,6.0,5.0,19.0,1.0,2.0,5.0,3.0,493.0
1.0,1.0,1.0,6.0,37.0,20.0,1.0,2.0,2.0,3.0,494.0
3.0,2.0,2.0,2.0,46.0,70.0,2.0,2.0,5.0,3.0,495.0
1.0,2.0,3.0,6.0,20.0,34.0,2.0,2.0,5.0,4.0,498.0
2.0,1.0,3.0,4.0,47.0,35.0,1.0,2.0,5.0,3.0,499.0
2.0,2.0,2.0,3.0,15.0,41.0,2.0,2.0,5.0,5.0,500.0
1.0,7.0,3.0,2.0,5.0,58.0,2.0,2.0,5.0,3.0,501.0
1.0,1.0,2.0,1.0,32.0,33.0,2.0,2.0,5.0,7.0,503.0
2.0,1.0,3.0,4.0,5.0,27.0,1.0,2.0,5.0,2.0,504.0
1.0,1.0,1.0,6.0,43.0,52.0,2.0,2.0,5.0,9.0,507.0
1.0,1.0,3.0,4.0,33.0,45.0,1.0,2.0,5.0,7.0,509.0
1.0,1.0,3.0,1.0,15.0,24.0,2.0,2.0,5.0,5.0,511.0
1.0,1.0,3.0,3.0,5.0,31.0,1.0,1.0,6.0,5.0,512.0
1.0,3.0,2.0,3.0,6.0,36.0,2.0,2.0,5.0,4.0,513.0
1.0,5.0,3.0,3.0,32.0,60.0,2.0,2.0,5.0,7.0,514.0
1.0,1.0,2.0,1.0,5.0,27.0,1.0,2.0,6.0,5.0,516.0
1.0,3.0,2.0,1.0,44.0,66.0,2.0,2.0,5.0,7.0,517.0
1.0,1.0,2.0,1.0,5.0,32.0,2.0,2.0,5.0,3.0,518.0
1.0,1.0,3.0,5.0,5.0,44.0,2.0,2.0,5.0,5.0,520.0
2.0,1.0,2.0,1.0,5.0,62.0,2.0,1.0,6.0,3.0,521.0
1.0,1.0,2.0,1.0,25.0,34.0,2.0,2.0,5.0,2.0,522.0
1.0,1.0,2.0,1.0,47.0,24.0,1.0,2.0,5.0,5.0,525.0
1.0,3.0,2.0,1.0,32.0,30.0,2.0,2.0,5.0,7.0,526.0
1.0,1.0,3.0,3.0,9.0,41.0,1.0,2.0,5.0,3.0,528.0
1.0,3.0,2.0,1.0,13.0,23.0,2.0,2.0,6.0,6.0,530.0
1.0,3.0,1.0,5.0,30.0,36.0,2.0,2.0,5.0,7.0,531.0
1.0,1.0,2.0,1.0,12.0,39.0,2.0,2.0,5.0,5.0,532.0
2.0,2.0,2.0,3.0,43.0,40.0,2.0,2.0,2.0,5.0,533.0
1.0,1.0,3.0,5.0,21.0,40.0,1.0,2.0,5.0,2.0,534.0
2.0,1.0,3.0,6.0,26.0,52.0,1.0,1.0,5.0,3.0,535.0
3.0,2.0,2.0,2.0,43.0,70.0,2.0,2.0,5.0,6.0,536.0
2.0,3.0,2.0,1.0,36.0,35.0,1.0,2.0,5.0,2.0,537.0
2.0,3.0,4.0,3.0,8.0,41.0,1.0,2.0,4.0,4.0,538.0
1.0,5.0,3.0,7.0,5.0,39.0,1.0,2.0,5.0,6.0,540.0
1.0,1.0,2.0,2.0,6.0,29.0,1.0,2.0,4.0,3.0,541.0
1.0,2.0,2.0,3.0,47.0,50.0,1.0,2.0,5.0,4.0,542.0
1.0,1.0,2.0,1.0,42.0,58.0,2.0,2.0,5.0,7.0,543.0
1.0,3.0,2.0,1.0,43.0,32.0,1.0,2.0,5.0,5.0,544.0
2.0,1.0,2.0,2.0,40.0,59.0,2.0,2.0,5.0,9.0,547.0
1.0,1.0,3.0,4.0,43.0,51.0,2.0,2.0,5.0,5.0,548.0
1.0,2.0,2.0,2.0,5.0,48.0,1.0,2.0,5.0,5.0,549.0
1.0,3.0,2.0,4.0,38.0,35.0,1.0,2.0,5.0,7.0,550.0
1.0,3.0,2.0,2.0,5.0,28.0,2.0,1.0,5.0,7.0,551.0
1.0,1.0,2.0,4.0,5.0,24.0,1.0,1.0,5.0,4.0,555.0
1.0,2.0,2.0,1.0,43.0,35.0,2.0,2.0,5.0,2.0,556.0
3.0,4.0,3.0,3.0,47.0,63.0,1.0,2.0,5.0,7.0,557.0
2.0,1.0,2.0,4.0,13.0,53.0,2.0,2.0,4.0,5.0,559.0
1.0,1.0,2.0,2.0,13.0,35.0,2.0,2.0,5.0,2.0,560.0
1.0,4.0,3.0,4.0,32.0,26.0,1.0,2.0,5.0,5.0,561.0
1.0,3.0,2.0,1.0,35.0,43.0,2.0,2.0,5.0,4.0,562.0
3.0,1.0,2.0,1.0,17.0,67.0,2.0,2.0,5.0,5.0,563.0
2.0,1.0,1.0,6.0,5.0,33.0,2.0,2.0,5.0,5.0,564.0
2.0,1.0,4.0,3.0,35.0,55.0,1.0,2.0,5.0,4.0,566.0
1.0,1.0,3.0,4.0,5.0,30.0,1.0,2.0,2.0,4.0,570.0
1.0,4.0,1.0,5.0,32.0,64.0,1.0,2.0,5.0,7.0,571.0
1.0,6.0,3.0,4.0,43.0,33.0,1.0,2.0,5.0,9.0,573.0
2.0,2.0,2.0,2.0,5.0,26.0,1.0,1.0,7.0,5.0,574.0
1.0,1.0,2.0,3.0,10.0,29.0,1.0,2.0,4.0,2.0,575.0
1.0,2.0,2.0,2.0,14.0,43.0,1.0,2.0,5.0,2.0,576.0
1.0,1.0,2.0,1.0,9.0,68.0,2.0,2.0,5.0,5.0,578.0
1.0,5.0,3.0,1.0,10.0,45.0,2.0,2.0,5.0,6.0,579.0
1.0,2.0,3.0,2.0,9.0,27.0,1.0,2.0,5.0,4.0,581.0
1.0,4.0,1.0,5.0,5.0,56.0,1.0,2.0,5.0,5.0,586.0
1.0,1.0,2.0,2.0,28.0,47.0,1.0,1.0,5.0,3.0,587.0
1.0,2.0,2.0,2.0,14.0,27.0,2.0,2.0,5.0,7.0,589.0
1.0,1.0,2.0,2.0,28.0,57.0,1.0,2.0,5.0,3.0,591.0
1.0,1.0,3.0,4.0,20.0,37.0,1.0,2.0,5.0,3.0,592.0
1.0,3.0,2.0,1.0,32.0,34.0,1.0,2.0,5.0,7.0,593.0
1.0,1.0,2.0,1.0,2.0,37.0,2.0,2.0,5.0,5.0,594.0
1.0,6.0,2.0,2.0,13.0,60.0,2.0,2.0,5.0,7.0,595.0
1.0,3.0,2.0,2.0,5.0,49.0,2.0,2.0,5.0,5.0,597.0
1.0,3.0,3.0,2.0,38.0,61.0,1.0,2.0,5.0,3.0,601.0
1.0,5.0,2.0,2.0,22.0,27.0,1.0,2.0,6.0,5.0,602.0
3.0,2.0,2.0,2.0,35.0,64.0,2.0,2.0,5.0,4.0,605.0
1.0,1.0,2.0,2.0,42.0,34.0,2.0,2.0,5.0,3.0,606.0
1.0,3.0,1.0,4.0,9.0,54.0,1.0,2.0,5.0,4.0,607.0
1.0,4.0,2.0,3.0,5.0,25.0,2.0,1.0,5.0,7.0,608.0
1.0,1.0,3.0,3.0,43.0,32.0,1.0,2.0,5.0,3.0,610.0
2.0,1.0,3.0,6.0,22.0,52.0,2.0,2.0,5.0,2.0,611.0
1.0,1.0,2.0,5.0,38.0,20.0,2.0,2.0,5.0,2.0,612.0
1.0,3.0,2.0,1.0,6.0,28.0,2.0,2.0,5.0,7.0,615.0
1.0,1.0,3.0,1.0,5.0,34.0,1.0,1.0,6.0,2.0,616.0
1.0,3.0,3.0,6.0,1.0,45.0,1.0,2.0,5.0,5.0,620.0
1.0,1.0,1.0,5.0,47.0,55.0,2.0,2.0,7.0,5.0,622.0
1.0,5.0,2.0,2.0,30.0,46.0,1.0,2.0,2.0,7.0,623.0
1.0,1.0,1.0,7.0,5.0,39.0,1.0,2.0,5.0,7.0,624.0
1.0,4.0,2.0,2.0,38.0,44.0,1.0,2.0,5.0,2.0,625.0
1.0,4.0,2.0,4.0,35.0,48.0,1.0,2.0,5.0,5.0,626.0
1.0,6.0,1.0,4.0,20.0,52.0,2.0,2.0,5.0,7.0,628.0
1.0,2.0,3.0,3.0,32.0,27.0,1.0,1.0,5.0,3.0,631.0
1.0,3.0,2.0,2.0,43.0,19.0,2.0,2.0,4.0,3.0,632.0
1.0,3.0,2.0,1.0,22.0,18.0,2.0,1.0,6.0,2.0,633.0
2.0,1.0,3.0,1.0,9.0,49.0,1.0,2.0,5.0,5.0,634.0
1.0,2.0,4.0,1.0,15.0,28.0,1.0,1.0,7.0,4.0,635.0
1.0,1.0,2.0,1.0,14.0,39.0,1.0,2.0,5.0,5.0,637.0
1.0,1.0,2.0,3.0,9.0,21.0,2.0,2.0,5.0,3.0,638.0
2.0,1.0,2.0,3.0,43.0,33.0,2.0,2.0,5.0,3.0,639.0
1.0,2.0,2.0,3.0,42.0,50.0,2.0,2.0,5.0,7.0,643.0
1.0,1.0,3.0,6.0,14.0,43.0,2.0,2.0,5.0,5.0,644.0
2.0,1.0,3.0,2.0,5.0,29.0,1.0,2.0,5.0,5.0,645.0
1.0,7.0,3.0,3.0,43.0,31.0,1.0,1.0,5.0,2.0,646.0
1.0,2.0,3.0,2.0,30.0,41.0,1.0,2.0,5.0,3.0,647.0
1.0,2.0,2.0,1.0,46.0,26.0,2.0,2.0,5.0,3.0,648.0
1.0,2.0,2.0,3.0,9.0,47.0,2.0,2.0,5.0,7.0,649.0
1.0,4.0,2.0,2.0,1.0,20.0,1.0,2.0,2.0,5.0,650.0
1.0,2.0,3.0,6.0,42.0,28.0,1.0,2.0,5.0,2.0,652.0
1.0,5.0,1.0,7.0,5.0,45.0,2.0,2.0,5.0,3.0,653.0
1.0,3.0,2.0,2.0,16.0,68.0,2.0,2.0,5.0,5.0,654.0
1.0,2.0,2.0,4.0,21.0,33.0,2.0,2.0,5.0,3.0,655.0
1.0,2.0,2.0,2.0,10.0,19.0,1.0,2.0,6.0,3.0,656.0
1.0,2.0,2.0,2.0,14.0,26.0,1.0,2.0,5.0,7.0,657.0
1.0,2.0,1.0,5.0,48.0,22.0,1.0,2.0,5.0,3.0,658.0
1.0,2.0,3.0,2.0,14.0,25.0,2.0,1.0,5.0,7.0,659.0
1.0,1.0,3.0,5.0,46.0,30.0,1.0,2.0,6.0,5.0,661.0
1.0,3.0,2.0,1.0,47.0,28.0,2.0,2.0,2.0,6.0,662.0
1.0,2.0,3.0,4.0,13.0,50.0,2.0,2.0,5.0,4.0,663.0
1.0,2.0,2.0,2.0,13.0,58.0,2.0,2.0,5.0,4.0,664.0
1.0,2.0,4.0,2.0,3.0,49.0,1.0,2.0,5.0,3.0,665.0
1.0,1.0,2.0,2.0,5.0,56.0,2.0,2.0,5.0,3.0,666.0
1.0,3.0,2.0,1.0,5.0,38.0,2.0,2.0,5.0,5.0,667.0
1.0,1.0,2.0,2.0,27.0,25.0,2.0,2.0,5.0,3.0,668.0
1.0,1.0,3.0,6.0,43.0,62.0,2.0,2.0,5.0,2.0,669.0
1.0,1.0,3.0,3.0,38.0,57.0,2.0,2.0,5.0,5.0,670.0
1.0,1.0,1.0,4.0,42.0,27.0,1.0,2.0,5.0,3.0,673.0
2.0,1.0,2.0,1.0,9.0,31.0,2.0,2.0,5.0,2.0,675.0
1.0,2.0,2.0,1.0,13.0,25.0,2.0,2.0,5.0,5.0,676.0
1.0,4.0,1.0,6.0,5.0,29.0,1.0,2.0,5.0,5.0,677.0
1.0,1.0,1.0,7.0,43.0,29.0,1.0,2.0,5.0,5.0,682.0
1.0,2.0,2.0,3.0,46.0,29.0,1.0,2.0,2.0,5.0,683.0
1.0,1.0,3.0,5.0,43.0,52.0,2.0,2.0,5.0,5.0,684.0
1.0,5.0,3.0,5.0,21.0,51.0,2.0,2.0,5.0,3.0,685.0
1.0,1.0,2.0,2.0,37.0,39.0,2.0,2.0,5.0,2.0,687.0
1.0,2.0,1.0,2.0,5.0,33.0,2.0,2.0,2.0,5.0,688.0
1.0,4.0,3.0,1.0,6.0,21.0,2.0,2.0,4.0,4.0,690.0
1.0,2.0,3.0,3.0,3.0,44.0,2.0,2.0,5.0,3.0,693.0
1.0,1.0,2.0,3.0,20.0,56.0,2.0,2.0,5.0,4.0,697.0
1.0,3.0,3.0,5.0,22.0,39.0,1.0,2.0,5.0,5.0,698.0
1.0,2.0,3.0,2.0,35.0,41.0,1.0,2.0,5.0,2.0,699.0
1.0,4.0,1.0,3.0,5.0,50.0,2.0,2.0,5.0,4.0,700.0
1.0,3.0,2.0,1.0,5.0,32.0,2.0,1.0,1.0,5.0,701.0
1.0,3.0,2.0,2.0,32.0,66.0,1.0,2.0,5.0,3.0,702.0
1.0,5.0,2.0,2.0,21.0,29.0,1.0,2.0,5.0,5.0,703.0
2.0,1.0,2.0,5.0,38.0,24.0,2.0,2.0,5.0,6.0,704.0
1.0,1.0,2.0,1.0,5.0,33.0,2.0,2.0,5.0,5.0,705.0
1.0,5.0,2.0,2.0,6.0,37.0,2.0,2.0,5.0,7.0,706.0
1.0,2.0,2.0,2.0,49.0,35.0,2.0,2.0,5.0,5.0,708.0
1.0,1.0,2.0,2.0,32.0,49.0,1.0,2.0,5.0,5.0,709.0
1.0,4.0,3.0,4.0,9.0,42.0,1.0,2.0,5.0,6.0,710.0
1.0,1.0,2.0,1.0,5.0,50.0,1.0,2.0,5.0,3.0,711.0
1.0,1.0,2.0,2.0,25.0,33.0,2.0,2.0,4.0,4.0,714.0
1.0,4.0,2.0,1.0,12.0,37.0,2.0,2.0,4.0,8.0,715.0
1.0,1.0,1.0,6.0,5.0,77.0,1.0,2.0,5.0,5.0,716.0
1.0,2.0,3.0,3.0,39.0,27.0,2.0,2.0,2.0,5.0,720.0
1.0,4.0,2.0,1.0,5.0,32.0,2.0,2.0,6.0,4.0,722.0
1.0,2.0,1.0,4.0,38.0,39.0,1.0,2.0,5.0,7.0,723.0
1.0,2.0,3.0,3.0,13.0,59.0,2.0,2.0,5.0,4.0,724.0
1.0,4.0,2.0,2.0,5.0,36.0,1.0,2.0,2.0,3.0,725.0
1.0,5.0,2.0,2.0,5.0,32.0,1.0,2.0,5.0,8.0,727.0
1.0,3.0,3.0,3.0,5.0,26.0,1.0,1.0,5.0,5.0,728.0
1.0,3.0,3.0,4.0,39.0,28.0,1.0,2.0,5.0,4.0,729.0
1.0,1.0,2.0,3.0,42.0,50.0,2.0,2.0,5.0,3.0,730.0
1.0,1.0,3.0,4.0,25.0,32.0,1.0,2.0,5.0,3.0,732.0
1.0,2.0,3.0,2.0,26.0,34.0,1.0,2.0,5.0,4.0,733.0
1.0,4.0,2.0,2.0,37.0,31.0,1.0,2.0,5.0,9.0,735.0
1.0,2.0,2.0,2.0,5.0,42.0,2.0,2.0,5.0,3.0,736.0
1.0,2.0,3.0,4.0,10.0,42.0,2.0,2.0,5.0,3.0,737.0
1.0,2.0,2.0,1.0,32.0,29.0,1.0,1.0,8.0,3.0,738.0
3.0,3.0,2.0,2.0,13.0,66.0,1.0,2.0,5.0,7.0,739.0
1.0,4.0,2.0,2.0,9.0,40.0,2.0,1.0,5.0,5.0,740.0
1.0,2.0,2.0,3.0,5.0,42.0,2.0,2.0,5.0,4.0,741.0
1.0,1.0,2.0,1.0,4.0,38.0,2.0,2.0,5.0,5.0,745.0
1.0,2.0,1.0,7.0,5.0,58.0,1.0,2.0,5.0,3.0,748.0
1.0,3.0,3.0,2.0,43.0,31.0,2.0,1.0,5.0,3.0,750.0
1.0,3.0,3.0,2.0,33.0,43.0,2.0,2.0,5.0,3.0,751.0
1.0,4.0,2.0,3.0,17.0,41.0,1.0,2.0,2.0,9.0,752.0
1.0,2.0,3.0,5.0,7.0,33.0,1.0,2.0,5.0,3.0,754.0
1.0,4.0,3.0,3.0,27.0,36.0,2.0,2.0,5.0,4.0,755.0
1.0,3.0,2.0,1.0,5.0,30.0,1.0,1.0,5.0,4.0,756.0
1.0,2.0,3.0,3.0,36.0,39.0,1.0,2.0,4.0,3.0,758.0
1.0,1.0,3.0,1.0,32.0,31.0,1.0,2.0,5.0,3.0,759.0
1.0,3.0,3.0,3.0,45.0,40.0,2.0,2.0,5.0,4.0,761.0
1.0,2.0,2.0,2.0,21.0,28.0,1.0,2.0,5.0,5.0,762.0
1.0,5.0,3.0,4.0,42.0,32.0,1.0,2.0,5.0,7.0,763.0
1.0,2.0,3.0,1.0,13.0,26.0,1.0,2.0,2.0,4.0,765.0
1.0,2.0,2.0,1.0,22.0,30.0,2.0,2.0,5.0,3.0,766.0
1.0,3.0,1.0,4.0,38.0,51.0,1.0,2.0,5.0,5.0,768.0
1.0,3.0,2.0,2.0,37.0,62.0,1.0,2.0,5.0,5.0,769.0
1.0,4.0,3.0,6.0,35.0,31.0,1.0,2.0,5.0,5.0,770.0
1.0,5.0,1.0,5.0,16.0,56.0,2.0,2.0,5.0,6.0,771.0
1.0,3.0,2.0,1.0,32.0,63.0,2.0,2.0,5.0,2.0,773.0
1.0,1.0,3.0,3.0,35.0,46.0,2.0,1.0,2.0,5.0,774.0
1.0,4.0,2.0,2.0,13.0,40.0,1.0,2.0,5.0,5.0,775.0
1.0,3.0,3.0,3.0,33.0,62.0,2.0,2.0,5.0,3.0,777.0
1.0,3.0,2.0,2.0,33.0,38.0,1.0,2.0,5.0,7.0,778.0
1.0,2.0,2.0,1.0,9.0,26.0,1.0,1.0,5.0,3.0,779.0
1.0,3.0,2.0,1.0,42.0,28.0,1.0,2.0,5.0,5.0,780.0
1.0,4.0,2.0,3.0,43.0,25.0,1.0,2.0,2.0,6.0,781.0
2.0,4.0,2.0,3.0,43.0,34.0,1.0,2.0,5.0,4.0,783.0
1.0,3.0,3.0,2.0,47.0,65.0,1.0,2.0,5.0,3.0,784.0
1.0,2.0,2.0,1.0,49.0,37.0,1.0,2.0,5.0,3.0,786.0
1.0,3.0,2.0,2.0,42.0,63.0,2.0,2.0,5.0,5.0,789.0
1.0,2.0,1.0,7.0,5.0,55.0,1.0,2.0,2.0,4.0,790.0
1.0,1.0,2.0,1.0,22.0,27.0,1.0,2.0,4.0,5.0,791.0
1.0,4.0,3.0,6.0,5.0,60.0,2.0,2.0,5.0,6.0,793.0
1.0,2.0,2.0,2.0,33.0,30.0,2.0,2.0,4.0,3.0,794.0
1.0,4.0,2.0,3.0,32.0,42.0,1.0,2.0,5.0,7.0,795.0
1.0,3.0,1.0,6.0,43.0,56.0,1.0,2.0,5.0,5.0,797.0
1.0,2.0,3.0,3.0,33.0,31.0,2.0,2.0,5.0,5.0,798.0
1.0,5.0,2.0,2.0,5.0,36.0,1.0,2.0,5.0,5.0,800.0
1.0,5.0,2.0,2.0,11.0,45.0,1.0,2.0,5.0,5.0,801.0
1.0,4.0,2.0,2.0,49.0,42.0,1.0,2.0,5.0,5.0,804.0
1.0,2.0,2.0,4.0,48.0,32.0,2.0,2.0,5.0,5.0,805.0
2.0,2.0,3.0,3.0,14.0,36.0,1.0,2.0,5.0,5.0,806.0
1.0,1.0,2.0,1.0,5.0,32.0,2.0,2.0,5.0,7.0,807.0
1.0,3.0,2.0,2.0,46.0,30.0,2.0,2.0,5.0,7.0,808.0
1.0,4.0,1.0,7.0,32.0,39.0,2.0,1.0,5.0,5.0,809.0
1.0,6.0,2.0,2.0,30.0,49.0,2.0,2.0,2.0,5.0,811.0
1.0,3.0,2.0,3.0,32.0,51.0,1.0,2.0,5.0,3.0,812.0
1.0,1.0,2.0,2.0,10.0,50.0,2.0,2.0,2.0,6.0,813.0
1.0,4.0,3.0,3.0,13.0,40.0,1.0,2.0,5.0,7.0,814.0
1.0,3.0,2.0,2.0,9.0,32.0,1.0,2.0,5.0,3.0,817.0
1.0,3.0,2.0,1.0,5.0,28.0,1.0,2.0,5.0,5.0,819.0
1.0,5.0,2.0,2.0,5.0,22.0,1.0,1.0,6.0,3.0,821.0
1.0,4.0,3.0,4.0,25.0,64.0,1.0,2.0,5.0,7.0,822.0
1.0,5.0,2.0,2.0,5.0,22.0,1.0,1.0,5.0,5.0,823.0
1.0,4.0,2.0,2.0,5.0,48.0,1.0,2.0,5.0,7.0,824.0
1.0,3.0,1.0,5.0,32.0,25.0,1.0,2.0,5.0,7.0,825.0
1.0,2.0,2.0,2.0,14.0,41.0,1.0,2.0,5.0,5.0,826.0
1.0,3.0,3.0,5.0,45.0,53.0,2.0,2.0,5.0,5.0,827.0
1.0,3.0,2.0,4.0,13.0,46.0,1.0,2.0,5.0,3.0,828.0
1.0,4.0,2.0,2.0,47.0,59.0,2.0,2.0,5.0,5.0,829.0
1.0,4.0,2.0,1.0,37.0,67.0,1.0,2.0,5.0,3.0,830.0
1.0,1.0,2.0,1.0,7.0,35.0,1.0,2.0,4.0,3.0,831.0
1.0,4.0,1.0,5.0,14.0,32.0,1.0,2.0,5.0,3.0,832.0
1.0,2.0,1.0,6.0,9.0,44.0,2.0,2.0,5.0,4.0,835.0
1.0,3.0,1.0,5.0,15.0,31.0,1.0,2.0,5.0,5.0,836.0
1.0,3.0,2.0,2.0,36.0,46.0,2.0,2.0,5.0,5.0,837.0
1.0,3.0,2.0,1.0,13.0,29.0,2.0,2.0,5.0,8.0,839.0
1.0,7.0,3.0,4.0,13.0,25.0,1.0,2.0,5.0,4.0,840.0
1.0,2.0,2.0,3.0,25.0,66.0,2.0,2.0,5.0,5.0,842.0
1.0,4.0,3.0,2.0,22.0,27.0,1.0,2.0,6.0,9.0,843.0
1.0,5.0,2.0,2.0,47.0,28.0,2.0,2.0,5.0,6.0,845.0
1.0,4.0,1.0,7.0,16.0,51.0,1.0,2.0,5.0,4.0,846.0
1.0,3.0,2.0,1.0,23.0,30.0,2.0,2.0,5.0,5.0,847.0
1.0,6.0,3.0,5.0,5.0,57.0,2.0,2.0,5.0,3.0,850.0
1.0,2.0,3.0,1.0,28.0,35.0,2.0,2.0,5.0,4.0,853.0
1.0,3.0,2.0,2.0,47.0,55.0,2.0,2.0,5.0,8.0,854.0
1.0,3.0,2.0,4.0,9.0,30.0,1.0,2.0,4.0,3.0,855.0
1.0,2.0,1.0,6.0,31.0,48.0,1.0,2.0,5.0,5.0,856.0
1.0,3.0,2.0,1.0,20.0,23.0,2.0,2.0,5.0,5.0,858.0
1.0,3.0,2.0,2.0,9.0,26.0,2.0,2.0,5.0,3.0,859.0
1.0,2.0,3.0,4.0,5.0,47.0,2.0,2.0,5.0,5.0,860.0
1.0,4.0,3.0,3.0,22.0,27.0,2.0,2.0,5.0,7.0,862.0
1.0,3.0,2.0,3.0,9.0,32.0,1.0,2.0,5.0,5.0,863.0
1.0,4.0,1.0,6.0,5.0,60.0,1.0,2.0,2.0,4.0,864.0
1.0,4.0,1.0,7.0,5.0,33.0,1.0,2.0,5.0,5.0,865.0
1.0,1.0,3.0,4.0,37.0,43.0,2.0,2.0,5.0,3.0,866.0
1.0,3.0,2.0,1.0,23.0,39.0,2.0,2.0,5.0,8.0,869.0
1.0,3.0,2.0,1.0,23.0,39.0,1.0,2.0,5.0,2.0,870.0
1.0,4.0,2.0,2.0,9.0,60.0,2.0,1.0,5.0,3.0,871.0
1.0,5.0,2.0,3.0,5.0,30.0,1.0,2.0,5.0,9.0,872.0
1.0,5.0,3.0,5.0,35.0,41.0,1.0,2.0,5.0,5.0,873.0
1.0,5.0,1.0,6.0,43.0,54.0,1.0,2.0,5.0,5.0,874.0
1.0,3.0,2.0,4.0,5.0,47.0,1.0,2.0,4.0,4.0,877.0
1.0,6.0,3.0,1.0,13.0,55.0,2.0,2.0,5.0,9.0,879.0
1.0,3.0,3.0,2.0,10.0,42.0,1.0,2.0,4.0,7.0,880.0
1.0,5.0,2.0,4.0,32.0,35.0,1.0,2.0,2.0,5.0,882.0
1.0,2.0,2.0,1.0,49.0,35.0,2.0,2.0,5.0,5.0,884.0
2.0,1.0,2.0,1.0,5.0,56.0,2.0,2.0,5.0,5.0,885.0
1.0,4.0,2.0,1.0,5.0,53.0,1.0,2.0,2.0,7.0,886.0
1.0,4.0,3.0,2.0,13.0,30.0,1.0,2.0,2.0,5.0,889.0
1.0,3.0,2.0,3.0,33.0,26.0,2.0,2.0,5.0,3.0,890.0
1.0,4.0,1.0,6.0,35.0,21.0,1.0,2.0,5.0,3.0,891.0
1.0,3.0,2.0,2.0,16.0,37.0,2.0,2.0,5.0,5.0,893.0
1.0,3.0,2.0,2.0,5.0,27.0,1.0,1.0,5.0,5.0,894.0
1.0,6.0,3.0,5.0,43.0,31.0,1.0,2.0,5.0,7.0,895.0
1.0,5.0,3.0,4.0,5.0,34.0,2.0,2.0,5.0,5.0,896.0
1.0,4.0,3.0,4.0,9.0,35.0,1.0,2.0,2.0,5.0,897.0
1.0,2.0,2.0,1.0,10.0,38.0,1.0,2.0,5.0,5.0,899.0
1.0,4.0,1.0,6.0,9.0,73.0,1.0,2.0,5.0,5.0,900.0
1.0,5.0,1.0,6.0,13.0,62.0,1.0,2.0,5.0,4.0,901.0
1.0,5.0,1.0,5.0,5.0,44.0,1.0,1.0,5.0,3.0,902.0
1.0,2.0,3.0,2.0,30.0,24.0,2.0,2.0,5.0,7.0,907.0
1.0,4.0,1.0,6.0,43.0,21.0,1.0,2.0,5.0,5.0,908.0
1.0,5.0,1.0,6.0,25.0,26.0,1.0,2.0,5.0,9.0,912.0
1.0,5.0,2.0,1.0,9.0,41.0,1.0,2.0,5.0,5.0,917.0
1.0,3.0,3.0,3.0,38.0,44.0,2.0,2.0,5.0,3.0,919.0
1.0,5.0,2.0,1.0,5.0,29.0,2.0,2.0,5.0,7.0,920.0
1.0,4.0,2.0,4.0,37.0,22.0,1.0,2.0,5.0,3.0,921.0
1.0,3.0,2.0,1.0,44.0,33.0,2.0,2.0,5.0,5.0,923.0
1.0,2.0,2.0,3.0,22.0,27.0,2.0,2.0,5.0,5.0,924.0
1.0,3.0,2.0,2.0,18.0,24.0,1.0,2.0,2.0,5.0,925.0
1.0,3.0,2.0,2.0,9.0,29.0,1.0,1.0,5.0,4.0,927.0
1.0,3.0,2.0,1.0,5.0,30.0,2.0,2.0,5.0,4.0,930.0
1.0,2.0,1.0,5.0,13.0,40.0,2.0,1.0,5.0,4.0,931.0
1.0,6.0,2.0,4.0,38.0,54.0,1.0,2.0,5.0,5.0,932.0
1.0,3.0,2.0,1.0,49.0,26.0,2.0,2.0,5.0,2.0,933.0
1.0,3.0,2.0,3.0,5.0,32.0,1.0,2.0,5.0,7.0,935.0
1.0,2.0,1.0,5.0,1.0,43.0,2.0,2.0,5.0,3.0,936.0
1.0,4.0,2.0,1.0,14.0,42.0,2.0,2.0,5.0,7.0,937.0
1.0,5.0,2.0,2.0,5.0,34.0,1.0,2.0,2.0,5.0,938.0
1.0,3.0,3.0,2.0,3.0,48.0,1.0,2.0,5.0,4.0,939.0
1.0,5.0,2.0,1.0,1.0,45.0,2.0,2.0,5.0,3.0,940.0
2.0,7.0,2.0,1.0,43.0,48.0,2.0,3.0,8.0,3.0,941.0
1.0,6.0,2.0,2.0,43.0,59.0,1.0,2.0,5.0,7.0,942.0
1.0,3.0,1.0,6.0,30.0,27.0,1.0,2.0,5.0,5.0,943.0
1.0,4.0,1.0,5.0,38.0,33.0,1.0,2.0,5.0,5.0,945.0
1.0,2.0,2.0,2.0,1.0,27.0,2.0,2.0,4.0,5.0,946.0
1.0,3.0,3.0,4.0,43.0,32.0,2.0,2.0,5.0,3.0,947.0
1.0,3.0,3.0,2.0,13.0,30.0,1.0,1.0,6.0,5.0,948.0
1.0,6.0,3.0,4.0,5.0,54.0,1.0,2.0,5.0,3.0,949.0
1.0,5.0,2.0,2.0,43.0,37.0,1.0,1.0,5.0,5.0,951.0
1.0,5.0,2.0,2.0,5.0,30.0,2.0,2.0,5.0,5.0,952.0
1.0,3.0,2.0,2.0,5.0,23.0,2.0,2.0,2.0,5.0,953.0
1.0,1.0,1.0,6.0,5.0,56.0,2.0,2.0,5.0,2.0,958.0
1.0,2.0,3.0,4.0,43.0,40.0,1.0,2.0,4.0,7.0,959.0
1.0,3.0,3.0,4.0,16.0,42.0,2.0,2.0,5.0,6.0,960.0
1.0,6.0,3.0,4.0,32.0,24.0,2.0,1.0,6.0,2.0,963.0
2.0,3.0,2.0,2.0,13.0,30.0,2.0,2.0,5.0,5.0,966.0
1.0,2.0,2.0,1.0,36.0,58.0,1.0,2.0,5.0,5.0,968.0
1.0,1.0,4.0,1.0,38.0,52.0,2.0,2.0,6.0,5.0,969.0
1.0,5.0,2.0,2.0,37.0,36.0,1.0,2.0,5.0,7.0,970.0
1.0,3.0,2.0,1.0,25.0,41.0,1.0,2.0,5.0,3.0,971.0
1.0,4.0,1.0,5.0,40.0,44.0,1.0,2.0,5.0,5.0,972.0
1.0,3.0,2.0,3.0,43.0,39.0,1.0,1.0,5.0,5.0,973.0
1.0,4.0,2.0,2.0,5.0,22.0,1.0,2.0,2.0,5.0,975.0
1.0,2.0,2.0,2.0,35.0,47.0,1.0,2.0,5.0,3.0,976.0
1.0,3.0,2.0,2.0,20.0,33.0,2.0,2.0,5.0,7.0,977.0
1.0,4.0,2.0,1.0,49.0,50.0,2.0,2.0,5.0,7.0,980.0
1.0,3.0,2.0,3.0,15.0,29.0,1.0,2.0,5.0,7.0,981.0
1.0,3.0,2.0,1.0,13.0,30.0,2.0,1.0,5.0,5.0,982.0
1.0,4.0,2.0,1.0,21.0,27.0,1.0,2.0,5.0,4.0,983.0
1.0,4.0,3.0,5.0,19.0,43.0,1.0,2.0,5.0,5.0,985.0
1.0,3.0,2.0,4.0,9.0,62.0,2.0,2.0,5.0,3.0,986.0
1.0,4.0,1.0,6.0,46.0,44.0,2.0,2.0,5.0,7.0,987.0
1.0,2.0,3.0,1.0,43.0,42.0,2.0,2.0,5.0,3.0,988.0
1.0,3.0,3.0,3.0,42.0,54.0,1.0,2.0,5.0,5.0,989.0
1.0,3.0,2.0,3.0,22.0,40.0,2.0,2.0,5.0,3.0,990.0
1.0,1.0,4.0,1.0,19.0,55.0,1.0,2.0,5.0,3.0,991.0
1.0,6.0,2.0,2.0,5.0,53.0,1.0,2.0,5.0,7.0,992.0
1.0,5.0,2.0,2.0,5.0,54.0,1.0,2.0,5.0,5.0,993.0
1.0,3.0,2.0,1.0,40.0,55.0,2.0,2.0,5.0,5.0,994.0
1.0,5.0,3.0,3.0,5.0,52.0,1.0,2.0,2.0,5.0,995.0
1.0,4.0,3.0,6.0,9.0,46.0,1.0,2.0,5.0,5.0,996.0
1.0,3.0,2.0,3.0,43.0,57.0,1.0,2.0,5.0,3.0,998.0
1.0,2.0,1.0,5.0,9.0,26.0,1.0,2.0,5.0,2.0,1000.0
1.0,4.0,2.0,2.0,6.0,32.0,1.0,2.0,5.0,4.0,1001.0
1.0,4.0,3.0,4.0,23.0,45.0,1.0,2.0,5.0,5.0,1002.0
1.0,4.0,2.0,3.0,20.0,50.0,2.0,2.0,5.0,7.0,1003.0
1.0,4.0,2.0,3.0,49.0,31.0,1.0,2.0,5.0,7.0,1004.0
1.0,5.0,2.0,2.0,14.0,35.0,1.0,2.0,5.0,7.0,1006.0
1.0,2.0,2.0,2.0,49.0,60.0,2.0,2.0,5.0,2.0,1007.0
1.0,4.0,2.0,3.0,47.0,35.0,2.0,2.0,5.0,5.0,1011.0
1.0,4.0,2.0,2.0,37.0,34.0,2.0,2.0,5.0,5.0,1012.0
1.0,2.0,1.0,6.0,43.0,24.0,2.0,2.0,5.0,5.0,1013.0
1.0,5.0,2.0,1.0,3.0,43.0,2.0,2.0,6.0,7.0,1014.0
1.0,3.0,2.0,3.0,37.0,30.0,1.0,2.0,5.0,5.0,1015.0
1.0,5.0,3.0,4.0,30.0,32.0,1.0,2.0,5.0,5.0,1016.0
1.0,3.0,4.0,4.0,38.0,38.0,1.0,2.0,5.0,3.0,1018.0
1.0,3.0,3.0,6.0,47.0,56.0,1.0,2.0,5.0,3.0,1019.0
1.0,5.0,1.0,6.0,9.0,39.0,2.0,2.0,5.0,7.0,1024.0
1.0,3.0,1.0,4.0,36.0,64.0,2.0,2.0,5.0,2.0,1027.0
1.0,4.0,2.0,2.0,33.0,53.0,2.0,2.0,4.0,9.0,1029.0
1.0,5.0,2.0,4.0,9.0,30.0,2.0,2.0,4.0,5.0,1031.0
1.0,6.0,3.0,4.0,5.0,60.0,1.0,2.0,2.0,7.0,1033.0
1.0,4.0,2.0,4.0,5.0,37.0,1.0,2.0,5.0,2.0,1034.0
1.0,3.0,3.0,3.0,12.0,32.0,2.0,2.0,5.0,4.0,1035.0
1.0,6.0,2.0,3.0,32.0,47.0,1.0,2.0,2.0,5.0,1037.0
1.0,1.0,1.0,7.0,47.0,67.0,2.0,2.0,5.0,6.0,1038.0
1.0,3.0,3.0,2.0,22.0,34.0,2.0,2.0,5.0,3.0,1039.0
1.0,1.0,3.0,4.0,11.0,32.0,1.0,2.0,2.0,4.0,1040.0
1.0,3.0,2.0,1.0,24.0,42.0,2.0,2.0,5.0,5.0,1042.0
1.0,7.0,2.0,4.0,30.0,48.0,2.0,2.0,4.0,8.0,1043.0
1.0,3.0,2.0,2.0,47.0,53.0,2.0,2.0,5.0,5.0,1045.0
1.0,3.0,3.0,5.0,10.0,42.0,1.0,2.0,5.0,5.0,1046.0
1.0,2.0,2.0,1.0,32.0,60.0,2.0,2.0,6.0,9.0,1047.0
1.0,5.0,2.0,3.0,35.0,34.0,1.0,2.0,2.0,7.0,1048.0
1.0,4.0,1.0,5.0,13.0,39.0,1.0,2.0,5.0,9.0,1049.0
1.0,6.0,1.0,6.0,49.0,29.0,1.0,2.0,5.0,5.0,1050.0
1.0,4.0,3.0,4.0,47.0,48.0,1.0,2.0,5.0,7.0,1051.0
1.0,5.0,3.0,2.0,21.0,39.0,1.0,2.0,5.0,5.0,1053.0
1.0,6.0,3.0,3.0,5.0,50.0,1.0,2.0,5.0,8.0,1054.0
1.0,4.0,1.0,6.0,18.0,53.0,1.0,2.0,5.0,5.0,1056.0
1.0,1.0,3.0,5.0,31.0,41.0,1.0,3.0,8.0,5.0,1057.0
1.0,5.0,2.0,2.0,20.0,34.0,1.0,2.0,5.0,9.0,1059.0
1.0,3.0,3.0,3.0,32.0,36.0,1.0,2.0,5.0,3.0,1060.0
3.0,3.0,3.0,2.0,22.0,55.0,2.0,2.0,5.0,7.0,1062.0
3.0,1.0,2.0,1.0,35.0,64.0,1.0,2.0,5.0,9.0,1064.0
3.0,1.0,2.0,2.0,45.0,65.0,2.0,2.0,5.0,3.0,1065.0
3.0,4.0,2.0,1.0,47.0,57.0,2.0,2.0,5.0,5.0,1066.0
2.0,4.0,3.0,3.0,13.0,42.0,2.0,2.0,5.0,7.0,1067.0
2.0,1.0,2.0,3.0,32.0,23.0,1.0,2.0,2.0,5.0,1068.0
2.0,3.0,3.0,3.0,5.0,31.0,2.0,2.0,5.0,5.0,1070.0
2.0,1.0,2.0,3.0,5.0,24.0,2.0,1.0,4.0,5.0,1071.0
2.0,1.0,2.0,3.0,5.0,20.0,2.0,2.0,2.0,3.0,1072.0
2.0,1.0,2.0,2.0,43.0,20.0,2.0,2.0,4.0,3.0,1073.0
2.0,7.0,2.0,1.0,43.0,24.0,2.0,3.0,8.0,4.0,1075.0
2.0,1.0,2.0,3.0,5.0,21.0,2.0,2.0,5.0,3.0,1077.0
2.0,7.0,1.0,7.0,47.0,35.0,2.0,2.0,5.0,5.0,1078.0
1.0,1.0,2.0,2.0,38.0,21.0,2.0,2.0,4.0,3.0,1079.0
2.0,6.0,1.0,6.0,30.0,55.0,2.0,2.0,5.0,5.0,1080.0
2.0,1.0,2.0,2.0,43.0,20.0,2.0,2.0,4.0,3.0,1081.0
2.0,5.0,1.0,6.0,5.0,37.0,1.0,2.0,5.0,5.0,1082.0
2.0,1.0,2.0,2.0,20.0,22.0,2.0,2.0,4.0,5.0,1083.0
3.0,1.0,1.0,6.0,3.0,49.0,2.0,2.0,5.0,4.0,1084.0
2.0,5.0,1.0,6.0,5.0,43.0,2.0,2.0,2.0,5.0,1085.0
2.0,1.0,2.0,2.0,5.0,22.0,1.0,2.0,5.0,4.0,1086.0
2.0,1.0,2.0,1.0,13.0,25.0,2.0,2.0,4.0,6.0,1090.0
2.0,1.0,2.0,2.0,20.0,27.0,2.0,2.0,4.0,5.0,1091.0
2.0,1.0,2.0,1.0,5.0,25.0,2.0,1.0,6.0,5.0,1092.0
2.0,1.0,2.0,1.0,16.0,26.0,2.0,2.0,6.0,5.0,1093.0
2.0,1.0,2.0,2.0,38.0,61.0,2.0,2.0,5.0,6.0,1094.0
2.0,4.0,1.0,6.0,9.0,50.0,2.0,2.0,5.0,3.0,1095.0
2.0,1.0,2.0,1.0,37.0,32.0,1.0,2.0,5.0,5.0,1096.0
2.0,3.0,1.0,5.0,5.0,44.0,2.0,2.0,5.0,5.0,1098.0
2.0,2.0,1.0,6.0,9.0,56.0,2.0,2.0,5.0,3.0,1099.0
2.0,1.0,1.0,6.0,5.0,52.0,2.0,2.0,5.0,5.0,1101.0
2.0,1.0,2.0,1.0,32.0,28.0,2.0,2.0,5.0,2.0,1102.0
2.0,1.0,2.0,1.0,9.0,28.0,1.0,2.0,2.0,5.0,1103.0
3.0,2.0,2.0,2.0,20.0,63.0,2.0,2.0,5.0,4.0,1104.0
2.0,1.0,2.0,1.0,14.0,20.0,2.0,2.0,4.0,3.0,1107.0
2.0,2.0,3.0,3.0,5.0,19.0,1.0,2.0,2.0,3.0,1112.0
2.0,1.0,2.0,3.0,43.0,25.0,1.0,2.0,5.0,3.0,1113.0
2.0,1.0,3.0,3.0,40.0,18.0,2.0,2.0,5.0,2.0,1114.0
2.0,7.0,3.0,5.0,9.0,46.0,2.0,2.0,5.0,5.0,1115.0
2.0,1.0,2.0,1.0,25.0,30.0,1.0,2.0,5.0,4.0,1116.0
2.0,1.0,2.0,1.0,32.0,22.0,2.0,1.0,5.0,2.0,1118.0
2.0,3.0,2.0,1.0,3.0,32.0,2.0,2.0,5.0,7.0,1119.0
2.0,4.0,1.0,6.0,5.0,29.0,2.0,2.0,5.0,5.0,1120.0
2.0,1.0,2.0,2.0,5.0,18.0,2.0,2.0,4.0,2.0,1121.0
2.0,1.0,2.0,2.0,5.0,23.0,1.0,2.0,2.0,2.0,1122.0
2.0,1.0,2.0,2.0,43.0,25.0,2.0,1.0,5.0,4.0,1125.0
2.0,1.0,3.0,2.0,3.0,25.0,2.0,1.0,8.0,4.0,1126.0
2.0,1.0,3.0,1.0,47.0,50.0,2.0,2.0,5.0,5.0,1133.0
3.0,1.0,2.0,1.0,35.0,60.0,2.0,2.0,4.0,3.0,1134.0
1.0,2.0,2.0,1.0,32.0,25.0,2.0,2.0,2.0,5.0,1136.0
2.0,1.0,1.0,5.0,3.0,22.0,2.0,2.0,5.0,5.0,1138.0
2.0,1.0,3.0,1.0,32.0,22.0,1.0,2.0,5.0,3.0,1140.0
2.0,1.0,2.0,1.0,5.0,26.0,2.0,2.0,5.0,3.0,1143.0
2.0,1.0,2.0,2.0,10.0,20.0,1.0,2.0,5.0,3.0,1147.0
1.0,1.0,2.0,2.0,46.0,62.0,2.0,2.0,5.0,7.0,1148.0
2.0,1.0,2.0,3.0,5.0,23.0,2.0,1.0,7.0,5.0,1152.0
2.0,1.0,2.0,1.0,37.0,20.0,2.0,2.0,6.0,3.0,1155.0
2.0,1.0,2.0,3.0,9.0,19.0,1.0,2.0,5.0,3.0,1156.0
1.0,1.0,3.0,2.0,21.0,23.0,2.0,2.0,5.0,5.0,1159.0
2.0,1.0,3.0,3.0,28.0,55.0,1.0,2.0,6.0,3.0,1160.0
1.0,1.0,1.0,6.0,21.0,19.0,1.0,2.0,2.0,3.0,1161.0
2.0,1.0,3.0,4.0,33.0,18.0,2.0,2.0,2.0,1.0,1162.0
2.0,1.0,2.0,1.0,33.0,59.0,1.0,2.0,5.0,3.0,1163.0
2.0,1.0,2.0,2.0,28.0,23.0,2.0,2.0,2.0,5.0,1164.0
1.0,1.0,3.0,1.0,17.0,41.0,2.0,2.0,5.0,5.0,1165.0
1.0,1.0,3.0,5.0,9.0,52.0,2.0,2.0,5.0,5.0,1166.0
2.0,7.0,2.0,2.0,28.0,54.0,2.0,2.0,4.0,4.0,1167.0
2.0,1.0,2.0,6.0,24.0,34.0,2.0,2.0,4.0,7.0,1168.0
2.0,1.0,4.0,2.0,5.0,51.0,1.0,2.0,5.0,4.0,1171.0
1.0,4.0,2.0,3.0,9.0,37.0,2.0,2.0,5.0,5.0,1176.0
2.0,1.0,1.0,4.0,9.0,52.0,2.0,2.0,5.0,5.0,1187.0
2.0,1.0,2.0,1.0,9.0,41.0,2.0,2.0,5.0,3.0,1189.0
2.0,1.0,3.0,2.0,5.0,40.0,2.0,2.0,5.0,7.0,1190.0
2.0,1.0,2.0,2.0,9.0,47.0,2.0,2.0,5.0,4.0,1191.0
1.0,1.0,2.0,2.0,38.0,42.0,2.0,2.0,5.0,4.0,1192.0
2.0,1.0,2.0,2.0,33.0,28.0,2.0,2.0,5.0,5.0,1193.0
1.0,4.0,2.0,2.0,23.0,38.0,1.0,2.0,5.0,4.0,1194.0
2.0,1.0,1.0,6.0,5.0,26.0,1.0,2.0,5.0,5.0,1195.0
2.0,2.0,3.0,4.0,37.0,44.0,1.0,2.0,5.0,4.0,1197.0
1.0,1.0,2.0,1.0,44.0,62.0,2.0,2.0,5.0,4.0,1199.0
1.0,2.0,2.0,1.0,13.0,38.0,1.0,2.0,5.0,7.0,1200.0
1.0,4.0,1.0,4.0,42.0,36.0,1.0,2.0,2.0,2.0,1201.0
1.0,1.0,2.0,1.0,47.0,20.0,2.0,2.0,5.0,3.0,1205.0
3.0,3.0,2.0,2.0,9.0,65.0,2.0,2.0,5.0,5.0,1206.0
2.0,1.0,2.0,1.0,32.0,28.0,2.0,2.0,5.0,7.0,1207.0
1.0,1.0,2.0,2.0,5.0,24.0,2.0,2.0,5.0,5.0,1208.0
2.0,1.0,3.0,5.0,17.0,57.0,2.0,2.0,5.0,2.0,1209.0
1.0,1.0,1.0,6.0,46.0,66.0,1.0,2.0,5.0,5.0,1210.0
2.0,1.0,3.0,5.0,21.0,27.0,1.0,2.0,5.0,5.0,1211.0
1.0,1.0,1.0,5.0,43.0,18.0,1.0,2.0,2.0,2.0,1212.0
2.0,1.0,4.0,2.0,5.0,25.0,1.0,2.0,5.0,3.0,1213.0
1.0,1.0,3.0,4.0,22.0,28.0,1.0,3.0,6.0,4.0,1214.0
2.0,1.0,2.0,2.0,6.0,41.0,2.0,2.0,5.0,7.0,1215.0
1.0,1.0,3.0,4.0,35.0,44.0,2.0,2.0,5.0,3.0,1216.0
2.0,2.0,2.0,1.0,36.0,64.0,2.0,2.0,6.0,5.0,1217.0
1.0,7.0,2.0,2.0,30.0,18.0,2.0,2.0,2.0,2.0,1218.0
1.0,1.0,2.0,2.0,9.0,21.0,2.0,2.0,5.0,3.0,1219.0
2.0,1.0,1.0,5.0,37.0,44.0,1.0,2.0,5.0,5.0,1222.0
1.0,1.0,3.0,5.0,35.0,19.0,2.0,2.0,5.0,3.0,1223.0
2.0,7.0,3.0,4.0,47.0,18.0,1.0,2.0,4.0,2.0,1224.0
2.0,5.0,2.0,1.0,5.0,45.0,2.0,2.0,5.0,5.0,1225.0
2.0,1.0,2.0,1.0,15.0,50.0,2.0,2.0,5.0,5.0,1226.0
1.0,7.0,2.0,1.0,13.0,19.0,1.0,2.0,2.0,2.0,1227.0
1.0,1.0,2.0,1.0,19.0,40.0,1.0,2.0,5.0,3.0,1231.0
2.0,1.0,3.0,1.0,5.0,33.0,1.0,2.0,6.0,4.0,1234.0
1.0,1.0,3.0,4.0,43.0,39.0,2.0,2.0,5.0,4.0,1235.0
1.0,1.0,3.0,3.0,38.0,57.0,2.0,2.0,5.0,5.0,1236.0
1.0,3.0,2.0,2.0,11.0,34.0,2.0,2.0,2.0,5.0,1237.0
1.0,2.0,2.0,1.0,9.0,53.0,2.0,2.0,5.0,3.0,1239.0
1.0,5.0,1.0,7.0,37.0,36.0,2.0,2.0,5.0,5.0,1242.0
2.0,1.0,2.0,2.0,43.0,61.0,2.0,2.0,5.0,3.0,1243.0
2.0,1.0,2.0,2.0,13.0,25.0,2.0,2.0,4.0,5.0,1245.0
2.0,1.0,2.0,3.0,49.0,48.0,2.0,2.0,5.0,7.0,1248.0
3.0,2.0,3.0,1.0,47.0,69.0,1.0,2.0,5.0,3.0,1249.0
1.0,1.0,1.0,2.0,38.0,21.0,2.0,2.0,5.0,3.0,1251.0
1.0,3.0,1.0,4.0,10.0,19.0,2.0,2.0,2.0,2.0,1254.0
1.0,4.0,1.0,7.0,18.0,47.0,2.0,1.0,6.0,7.0,1257.0
1.0,1.0,4.0,3.0,9.0,32.0,1.0,2.0,5.0,4.0,1258.0
1.0,1.0,4.0,4.0,9.0,47.0,1.0,2.0,5.0,2.0,1259.0
2.0,1.0,1.0,6.0,15.0,48.0,2.0,2.0,5.0,4.0,1261.0
1.0,1.0,3.0,4.0,5.0,23.0,2.0,2.0,5.0,5.0,1262.0
1.0,2.0,3.0,4.0,5.0,25.0,2.0,2.0,5.0,5.0,1263.0
1.0,5.0,1.0,5.0,35.0,66.0,1.0,2.0,5.0,7.0,1265.0
1.0,2.0,2.0,3.0,49.0,21.0,2.0,2.0,5.0,3.0,1267.0
1.0,3.0,2.0,2.0,28.0,32.0,1.0,2.0,5.0,5.0,1268.0
1.0,3.0,1.0,5.0,24.0,42.0,2.0,2.0,5.0,5.0,1270.0
1.0,3.0,4.0,1.0,22.0,38.0,1.0,2.0,5.0,4.0,1271.0
1.0,1.0,2.0,1.0,21.0,23.0,2.0,2.0,2.0,5.0,1272.0
1.0,1.0,2.0,2.0,43.0,36.0,2.0,2.0,5.0,4.0,1273.0
1.0,1.0,2.0,1.0,5.0,47.0,2.0,2.0,5.0,8.0,1276.0
1.0,2.0,3.0,3.0,28.0,50.0,1.0,2.0,5.0,3.0,1280.0
1.0,3.0,2.0,1.0,34.0,36.0,1.0,2.0,5.0,3.0,1282.0
1.0,7.0,1.0,5.0,5.0,32.0,2.0,1.0,2.0,7.0,1283.0
1.0,3.0,2.0,1.0,5.0,57.0,2.0,3.0,5.0,7.0,1284.0
1.0,4.0,3.0,2.0,16.0,29.0,1.0,2.0,5.0,5.0,1285.0
1.0,2.0,2.0,2.0,36.0,24.0,1.0,2.0,5.0,7.0,1286.0
1.0,5.0,2.0,3.0,32.0,22.0,1.0,2.0,2.0,5.0,1287.0
1.0,5.0,3.0,4.0,21.0,33.0,1.0,2.0,5.0,9.0,1289.0
1.0,5.0,1.0,7.0,43.0,43.0,2.0,2.0,5.0,7.0,1292.0
2.0,3.0,2.0,6.0,22.0,31.0,1.0,2.0,5.0,5.0,1295.0
1.0,2.0,3.0,2.0,35.0,51.0,2.0,2.0,4.0,5.0,1297.0
1.0,2.0,2.0,3.0,5.0,54.0,1.0,2.0,5.0,5.0,1299.0
2.0,1.0,2.0,3.0,36.0,25.0,2.0,2.0,5.0,5.0,1300.0
1.0,5.0,2.0,1.0,5.0,63.0,2.0,2.0,5.0,5.0,1301.0
1.0,1.0,2.0,2.0,13.0,40.0,2.0,2.0,5.0,4.0,1302.0
1.0,6.0,3.0,5.0,42.0,41.0,1.0,2.0,5.0,2.0,1303.0
1.0,5.0,1.0,4.0,47.0,43.0,2.0,2.0,5.0,6.0,1304.0
1.0,3.0,3.0,3.0,30.0,40.0,2.0,2.0,2.0,5.0,1305.0
1.0,1.0,2.0,3.0,35.0,20.0,1.0,2.0,5.0,2.0,1307.0
1.0,1.0,2.0,1.0,49.0,22.0,1.0,2.0,4.0,3.0,1308.0
1.0,5.0,3.0,3.0,6.0,56.0,2.0,2.0,5.0,7.0,1309.0
1.0,1.0,2.0,3.0,38.0,40.0,1.0,2.0,5.0,2.0,1311.0
1.0,3.0,2.0,2.0,14.0,33.0,2.0,2.0,2.0,7.0,1314.0
1.0,1.0,1.0,6.0,10.0,44.0,2.0,2.0,5.0,3.0,1315.0
1.0,1.0,2.0,3.0,42.0,28.0,1.0,2.0,5.0,6.0,1317.0
1.0,1.0,1.0,6.0,14.0,37.0,2.0,2.0,5.0,4.0,1319.0
1.0,1.0,1.0,6.0,13.0,23.0,2.0,2.0,5.0,5.0,1320.0
1.0,3.0,2.0,2.0,6.0,59.0,1.0,2.0,5.0,4.0,1321.0
1.0,3.0,3.0,3.0,21.0,60.0,2.0,2.0,5.0,9.0,1322.0
1.0,5.0,3.0,5.0,38.0,49.0,2.0,2.0,4.0,7.0,1323.0
1.0,2.0,2.0,1.0,12.0,34.0,2.0,2.0,5.0,5.0,1324.0
1.0,3.0,2.0,2.0,49.0,43.0,2.0,2.0,5.0,7.0,1325.0
1.0,4.0,2.0,2.0,22.0,66.0,2.0,2.0,5.0,7.0,1329.0
1.0,3.0,1.0,6.0,9.0,59.0,2.0,2.0,5.0,2.0,1334.0
1.0,3.0,3.0,4.0,9.0,24.0,2.0,2.0,5.0,3.0,1336.0
1.0,3.0,3.0,4.0,38.0,27.0,1.0,2.0,4.0,5.0,1337.0
1.0,1.0,3.0,5.0,28.0,42.0,2.0,2.0,5.0,5.0,1340.0
1.0,5.0,2.0,1.0,49.0,34.0,2.0,2.0,5.0,5.0,1341.0
1.0,3.0,1.0,6.0,5.0,48.0,2.0,2.0,5.0,4.0,1342.0
1.0,2.0,3.0,3.0,40.0,29.0,1.0,2.0,5.0,3.0,1343.0
1.0,2.0,3.0,4.0,47.0,48.0,2.0,2.0,5.0,3.0,1345.0
1.0,3.0,2.0,1.0,33.0,36.0,1.0,2.0,5.0,5.0,1346.0
1.0,5.0,2.0,2.0,40.0,26.0,2.0,2.0,5.0,5.0,1347.0
1.0,4.0,2.0,1.0,16.0,48.0,2.0,2.0,5.0,7.0,1348.0
1.0,3.0,2.0,4.0,47.0,42.0,1.0,2.0,5.0,7.0,1350.0
1.0,6.0,2.0,3.0,32.0,37.0,1.0,2.0,5.0,5.0,1352.0
1.0,3.0,2.0,2.0,15.0,46.0,2.0,2.0,5.0,5.0,1353.0
1.0,2.0,3.0,1.0,36.0,24.0,2.0,2.0,5.0,4.0,1354.0
1.0,1.0,3.0,5.0,43.0,42.0,2.0,2.0,5.0,4.0,1355.0
1.0,1.0,3.0,1.0,1.0,66.0,2.0,2.0,5.0,5.0,1356.0
1.0,3.0,2.0,1.0,32.0,29.0,2.0,2.0,5.0,5.0,1357.0
1.0,6.0,3.0,4.0,32.0,48.0,1.0,2.0,5.0,9.0,1358.0
1.0,4.0,2.0,3.0,5.0,42.0,1.0,2.0,5.0,3.0,1359.0
1.0,3.0,2.0,3.0,47.0,29.0,2.0,2.0,5.0,2.0,1360.0
1.0,5.0,2.0,3.0,10.0,36.0,1.0,2.0,5.0,7.0,1361.0
1.0,5.0,1.0,5.0,6.0,38.0,1.0,2.0,5.0,7.0,1362.0
1.0,3.0,2.0,1.0,42.0,22.0,1.0,2.0,7.0,5.0,1363.0
1.0,2.0,3.0,3.0,5.0,32.0,2.0,2.0,5.0,4.0,1365.0
1.0,4.0,2.0,3.0,13.0,32.0,2.0,1.0,5.0,7.0,1366.0
1.0,5.0,2.0,5.0,46.0,36.0,2.0,2.0,5.0,7.0,1367.0
1.0,2.0,1.0,7.0,8.0,56.0,1.0,2.0,5.0,5.0,1368.0
1.0,4.0,2.0,5.0,21.0,58.0,1.0,2.0,5.0,9.0,1369.0
1.0,5.0,2.0,5.0,5.0,47.0,2.0,2.0,5.0,7.0,1370.0
1.0,4.0,2.0,5.0,5.0,29.0,1.0,2.0,2.0,5.0,1372.0
1.0,5.0,1.0,6.0,32.0,36.0,2.0,2.0,5.0,5.0,1373.0
1.0,2.0,3.0,1.0,9.0,37.0,1.0,2.0,5.0,5.0,1374.0
2.0,7.0,2.0,3.0,5.0,21.0,2.0,2.0,2.0,5.0,1375.0
1.0,4.0,3.0,4.0,32.0,25.0,2.0,2.0,2.0,5.0,1377.0
1.0,3.0,2.0,2.0,40.0,44.0,1.0,2.0,5.0,3.0,1378.0
1.0,3.0,3.0,3.0,5.0,53.0,2.0,2.0,5.0,5.0,1379.0
1.0,4.0,2.0,2.0,25.0,40.0,2.0,2.0,5.0,7.0,1380.0
1.0,2.0,3.0,1.0,33.0,41.0,2.0,2.0,5.0,5.0,1381.0
1.0,4.0,2.0,3.0,32.0,48.0,2.0,2.0,5.0,7.0,1382.0
1.0,6.0,2.0,2.0,9.0,25.0,1.0,1.0,5.0,5.0,1383.0
1.0,4.0,3.0,3.0,1.0,41.0,1.0,2.0,5.0,5.0,1387.0
1.0,3.0,3.0,2.0,13.0,38.0,1.0,1.0,7.0,2.0,1388.0
1.0,4.0,3.0,5.0,38.0,37.0,1.0,2.0,5.0,4.0,1389.0
1.0,5.0,2.0,2.0,43.0,47.0,2.0,1.0,5.0,7.0,1390.0
1.0,5.0,1.0,6.0,43.0,41.0,1.0,2.0,2.0,5.0,1391.0
1.0,3.0,3.0,5.0,4.0,31.0,1.0,2.0,5.0,5.0,1392.0
1.0,2.0,3.0,3.0,50.0,28.0,1.0,2.0,5.0,7.0,1394.0
1.0,5.0,2.0,2.0,22.0,25.0,1.0,2.0,2.0,7.0,1395.0
1.0,5.0,2.0,2.0,46.0,52.0,1.0,2.0,5.0,8.0,1396.0
1.0,2.0,1.0,7.0,32.0,29.0,2.0,2.0,5.0,5.0,1398.0
1.0,5.0,1.0,6.0,9.0,60.0,1.0,2.0,5.0,5.0,1399.0
1.0,4.0,3.0,3.0,32.0,43.0,2.0,2.0,5.0,6.0,1400.0
1.0,5.0,2.0,5.0,5.0,38.0,1.0,2.0,2.0,5.0,1402.0
1.0,4.0,3.0,6.0,9.0,41.0,1.0,1.0,5.0,5.0,1403.0
1.0,5.0,1.0,7.0,33.0,58.0,1.0,2.0,5.0,7.0,1404.0
1.0,3.0,3.0,4.0,22.0,41.0,1.0,2.0,5.0,3.0,1406.0
1.0,2.0,2.0,1.0,10.0,30.0,2.0,2.0,5.0,5.0,1408.0
1.0,4.0,2.0,1.0,38.0,36.0,2.0,2.0,5.0,7.0,1409.0
1.0,4.0,1.0,4.0,42.0,31.0,2.0,2.0,5.0,5.0,1410.0
1.0,7.0,3.0,1.0,43.0,22.0,2.0,2.0,5.0,5.0,1412.0
1.0,6.0,3.0,3.0,5.0,41.0,1.0,2.0,2.0,5.0,1413.0
1.0,6.0,2.0,1.0,5.0,42.0,2.0,2.0,4.0,5.0,1414.0
1.0,5.0,2.0,1.0,49.0,50.0,2.0,2.0,5.0,5.0,1416.0
1.0,6.0,2.0,3.0,5.0,39.0,2.0,2.0,5.0,5.0,1418.0
1.0,2.0,2.0,2.0,6.0,63.0,1.0,2.0,5.0,3.0,1419.0
1.0,6.0,2.0,2.0,21.0,54.0,2.0,2.0,2.0,8.0,1420.0
1.0,5.0,2.0,2.0,20.0,27.0,1.0,2.0,2.0,5.0,1421.0
1.0,5.0,3.0,4.0,32.0,33.0,1.0,2.0,5.0,7.0,1422.0
1.0,5.0,3.0,2.0,5.0,29.0,1.0,2.0,2.0,7.0,1423.0
1.0,4.0,2.0,2.0,16.0,57.0,1.0,2.0,5.0,7.0,1424.0
1.0,3.0,2.0,4.0,33.0,48.0,2.0,2.0,4.0,4.0,1425.0
1.0,3.0,2.0,2.0,38.0,34.0,1.0,2.0,5.0,7.0,1427.0
2.0,3.0,2.0,2.0,28.0,28.0,1.0,2.0,5.0,9.0,1429.0
1.0,3.0,2.0,3.0,43.0,50.0,1.0,2.0,5.0,7.0,1430.0
1.0,6.0,1.0,6.0,5.0,54.0,1.0,2.0,5.0,5.0,1431.0
1.0,5.0,2.0,3.0,10.0,34.0,1.0,2.0,5.0,7.0,1433.0
1.0,5.0,2.0,3.0,43.0,22.0,1.0,2.0,4.0,5.0,1434.0
1.0,3.0,1.0,6.0,16.0,37.0,2.0,2.0,5.0,2.0,1435.0
1.0,5.0,2.0,1.0,5.0,39.0,2.0,2.0,5.0,5.0,1436.0
1.0,3.0,2.0,2.0,5.0,27.0,1.0,2.0,2.0,5.0,1437.0
1.0,6.0,3.0,5.0,47.0,51.0,1.0,1.0,5.0,7.0,1438.0
1.0,3.0,3.0,5.0,5.0,29.0,1.0,2.0,2.0,5.0,1439.0
1.0,4.0,2.0,1.0,13.0,69.0,2.0,2.0,5.0,7.0,1440.0
1.0,7.0,2.0,2.0,30.0,48.0,2.0,2.0,5.0,5.0,1441.0
1.0,3.0,2.0,1.0,5.0,30.0,2.0,2.0,6.0,5.0,1442.0
1.0,4.0,3.0,4.0,43.0,29.0,2.0,2.0,5.0,7.0,1443.0
1.0,4.0,2.0,3.0,49.0,55.0,2.0,2.0,5.0,5.0,1445.0
1.0,4.0,2.0,2.0,33.0,46.0,2.0,2.0,5.0,5.0,1446.0
1.0,4.0,3.0,4.0,32.0,42.0,1.0,2.0,5.0,3.0,1447.0
1.0,6.0,3.0,4.0,5.0,47.0,1.0,2.0,2.0,5.0,1448.0
1.0,1.0,2.0,2.0,48.0,38.0,1.0,2.0,5.0,1.0,1452.0
1.0,4.0,3.0,3.0,9.0,49.0,1.0,2.0,4.0,7.0,1453.0
1.0,4.0,3.0,6.0,5.0,31.0,2.0,1.0,5.0,5.0,1455.0
2.0,1.0,1.0,7.0,13.0,47.0,2.0,2.0,5.0,5.0,1459.0
1.0,4.0,3.0,4.0,48.0,37.0,1.0,1.0,5.0,5.0,1460.0
1.0,4.0,2.0,2.0,30.0,30.0,1.0,2.0,5.0,5.0,1462.0
1.0,6.0,2.0,3.0,5.0,29.0,2.0,2.0,2.0,5.0,1465.0
1.0,4.0,3.0,4.0,31.0,36.0,1.0,2.0,5.0,5.0,1467.0
1.0,4.0,2.0,2.0,30.0,47.0,1.0,2.0,5.0,5.0,1468.0
1.0,5.0,3.0,3.0,28.0,47.0,1.0,1.0,6.0,7.0,1469.0
1.0,5.0,3.0,1.0,43.0,34.0,1.0,2.0,5.0,4.0,1472.0
1.0,5.0,2.0,2.0,5.0,20.0,2.0,2.0,2.0,5.0,1474.0
1.0,5.0,1.0,2.0,5.0,43.0,1.0,2.0,5.0,7.0,1475.0
1.0,5.0,1.0,7.0,44.0,29.0,1.0,2.0,5.0,7.0,1476.0
1.0,1.0,2.0,1.0,5.0,48.0,1.0,1.0,6.0,2.0,1480.0
1.0,4.0,3.0,4.0,35.0,21.0,1.0,2.0,5.0,5.0,1481.0
1.0,2.0,2.0,1.0,27.0,24.0,2.0,2.0,5.0,6.0,1482.0
1.0,1.0,3.0,4.0,3.0,61.0,1.0,2.0,5.0,7.0,1483.0
1.0,2.0,2.0,2.0,14.0,40.0,2.0,2.0,5.0,5.0,1484.0
1.0,4.0,3.0,6.0,2.0,57.0,1.0,2.0,5.0,5.0,1485.0
1.0,5.0,1.0,5.0,47.0,44.0,1.0,1.0,5.0,5.0,1486.0
1.0,5.0,2.0,2.0,14.0,40.0,2.0,2.0,5.0,8.0,1487.0
1.0,5.0,2.0,3.0,5.0,31.0,1.0,2.0,2.0,9.0,1488.0
1.0,6.0,1.0,7.0,38.0,46.0,1.0,2.0,5.0,7.0,1489.0
1.0,4.0,3.0,5.0,14.0,51.0,1.0,2.0,5.0,5.0,1490.0
3.0,5.0,4.0,1.0,35.0,60.0,2.0,2.0,5.0,7.0,1492.0
2.0,2.0,2.0,2.0,21.0,54.0,1.0,2.0,5.0,4.0,1493.0
3.0,3.0,3.0,5.0,25.0,72.0,1.0,2.0,5.0,6.0,1494.0
2.0,1.0,3.0,4.0,5.0,22.0,1.0,2.0,2.0,2.0,1499.0
2.0,1.0,4.0,3.0,5.0,24.0,2.0,2.0,8.0,3.0,1500.0
2.0,1.0,3.0,3.0,46.0,25.0,2.0,2.0,5.0,5.0,1502.0
2.0,7.0,2.0,3.0,43.0,19.0,1.0,1.0,5.0,4.0,1504.0
2.0,1.0,2.0,2.0,9.0,44.0,2.0,2.0,5.0,3.0,1505.0
2.0,5.0,2.0,1.0,46.0,49.0,2.0,2.0,5.0,5.0,1506.0
2.0,1.0,2.0,1.0,32.0,21.0,2.0,2.0,2.0,3.0,1507.0
2.0,1.0,2.0,3.0,5.0,19.0,2.0,2.0,2.0,2.0,1508.0
2.0,1.0,3.0,3.0,21.0,41.0,2.0,2.0,5.0,3.0,1510.0
2.0,1.0,2.0,3.0,5.0,21.0,2.0,2.0,2.0,4.0,1511.0
2.0,1.0,2.0,2.0,43.0,51.0,2.0,2.0,5.0,4.0,1513.0
2.0,1.0,2.0,3.0,5.0,27.0,1.0,1.0,7.0,4.0,1516.0
2.0,1.0,2.0,3.0,49.0,46.0,2.0,2.0,5.0,4.0,1517.0
2.0,5.0,2.0,1.0,43.0,36.0,2.0,2.0,5.0,7.0,1519.0
2.0,1.0,2.0,1.0,21.0,27.0,1.0,2.0,5.0,5.0,1521.0
1.0,1.0,3.0,1.0,25.0,41.0,2.0,2.0,5.0,4.0,1522.0
2.0,1.0,2.0,2.0,47.0,59.0,2.0,2.0,5.0,4.0,1525.0
1.0,1.0,2.0,3.0,38.0,51.0,1.0,2.0,5.0,5.0,1528.0
1.0,3.0,3.0,3.0,50.0,51.0,2.0,1.0,5.0,5.0,1529.0
1.0,3.0,1.0,5.0,20.0,25.0,1.0,2.0,4.0,2.0,1531.0
1.0,4.0,2.0,4.0,6.0,29.0,1.0,1.0,8.0,3.0,1532.0
1.0,3.0,3.0,3.0,37.0,37.0,1.0,2.0,5.0,1.0,1534.0
1.0,2.0,3.0,4.0,5.0,27.0,1.0,1.0,5.0,3.0,1536.0
1.0,2.0,2.0,4.0,38.0,25.0,1.0,1.0,5.0,4.0,1538.0
1.0,5.0,2.0,2.0,5.0,35.0,2.0,2.0,2.0,5.0,1541.0
1.0,4.0,1.0,5.0,13.0,23.0,1.0,2.0,2.0,5.0,1542.0
1.0,1.0,3.0,5.0,7.0,75.0,1.0,2.0,5.0,7.0,1543.0
1.0,4.0,2.0,2.0,10.0,41.0,2.0,2.0,4.0,6.0,1544.0
1.0,4.0,2.0,2.0,7.0,42.0,1.0,2.0,5.0,5.0,1545.0
1.0,4.0,3.0,4.0,15.0,39.0,2.0,2.0,5.0,5.0,1548.0
1.0,4.0,2.0,2.0,3.0,47.0,2.0,2.0,5.0,4.0,1549.0
1.0,2.0,2.0,5.0,43.0,49.0,2.0,2.0,5.0,4.0,1550.0
1.0,6.0,1.0,5.0,16.0,27.0,1.0,2.0,5.0,4.0,1552.0
1.0,2.0,2.0,4.0,32.0,36.0,1.0,2.0,5.0,2.0,1553.0
1.0,3.0,1.0,7.0,9.0,43.0,1.0,2.0,5.0,4.0,1554.0
1.0,3.0,3.0,4.0,1.0,37.0,2.0,2.0,5.0,3.0,1555.0
1.0,3.0,1.0,7.0,14.0,47.0,1.0,2.0,5.0,6.0,1557.0
1.0,3.0,2.0,1.0,37.0,47.0,2.0,2.0,5.0,3.0,1558.0
2.0,1.0,3.0,2.0,35.0,18.0,2.0,2.0,6.0,2.0,1559.0
2.0,1.0,2.0,3.0,5.0,22.0,2.0,2.0,2.0,5.0,1560.0
3.0,1.0,3.0,4.0,3.0,53.0,2.0,2.0,5.0,3.0,1561.0
2.0,1.0,2.0,2.0,5.0,19.0,2.0,1.0,5.0,2.0,1562.0
2.0,7.0,1.0,5.0,43.0,19.0,2.0,2.0,5.0,3.0,1563.0
1.0,1.0,2.0,1.0,9.0,24.0,1.0,2.0,5.0,5.0,1567.0
1.0,4.0,3.0,4.0,32.0,45.0,2.0,2.0,5.0,5.0,1570.0
3.0,3.0,3.0,2.0,5.0,65.0,1.0,2.0,5.0,8.0,1572.0
2.0,1.0,2.0,3.0,2.0,20.0,1.0,2.0,5.0,3.0,1573.0
2.0,1.0,2.0,2.0,16.0,27.0,2.0,2.0,6.0,7.0,1574.0
3.0,2.0,2.0,1.0,5.0,61.0,1.0,2.0,5.0,3.0,1575.0
2.0,7.0,3.0,3.0,6.0,21.0,2.0,2.0,5.0,3.0,1577.0
1.0,2.0,3.0,2.0,21.0,41.0,2.0,2.0,5.0,7.0,1581.0
1.0,1.0,2.0,1.0,32.0,35.0,1.0,2.0,5.0,2.0,1582.0
1.0,2.0,2.0,2.0,9.0,46.0,2.0,2.0,5.0,5.0,1585.0
1.0,2.0,2.0,3.0,37.0,26.0,2.0,1.0,5.0,5.0,1587.0
1.0,1.0,2.0,3.0,26.0,63.0,1.0,2.0,5.0,7.0,1588.0
1.0,3.0,2.0,3.0,5.0,30.0,1.0,2.0,5.0,5.0,1589.0
1.0,5.0,1.0,2.0,5.0,29.0,1.0,1.0,5.0,7.0,1590.0
1.0,4.0,2.0,2.0,38.0,42.0,2.0,2.0,4.0,7.0,1591.0
1.0,5.0,1.0,6.0,16.0,47.0,1.0,2.0,5.0,4.0,1592.0
1.0,5.0,1.0,6.0,16.0,58.0,1.0,2.0,5.0,4.0,1594.0
2.0,1.0,3.0,4.0,5.0,24.0,1.0,2.0,2.0,3.0,1596.0
2.0,7.0,2.0,4.0,9.0,23.0,1.0,2.0,5.0,3.0,1597.0
2.0,1.0,2.0,1.0,32.0,18.0,2.0,2.0,5.0,3.0,1598.0
2.0,1.0,2.0,5.0,5.0,20.0,2.0,2.0,2.0,3.0,1600.0
1.0,4.0,2.0,5.0,5.0,33.0,2.0,1.0,5.0,5.0,1603.0
1.0,6.0,3.0,4.0,5.0,25.0,1.0,2.0,2.0,5.0,1604.0
3.0,1.0,1.0,4.0,12.0,63.0,2.0,2.0,5.0,5.0,1606.0
1.0,5.0,1.0,6.0,43.0,47.0,2.0,2.0,5.0,7.0,1607.0
2.0,1.0,2.0,1.0,5.0,18.0,2.0,2.0,2.0,2.0,1609.0
2.0,1.0,2.0,1.0,5.0,28.0,1.0,1.0,5.0,4.0,1612.0
1.0,1.0,2.0,1.0,5.0,18.0,2.0,2.0,5.0,3.0,1614.0
1.0,3.0,2.0,5.0,43.0,58.0,2.0,2.0,5.0,3.0,1616.0
1.0,5.0,2.0,4.0,5.0,37.0,1.0,1.0,5.0,5.0,1618.0
1.0,4.0,3.0,5.0,37.0,40.0,1.0,2.0,5.0,4.0,1619.0
1.0,2.0,3.0,3.0,5.0,42.0,1.0,1.0,5.0,2.0,1620.0
1.0,2.0,2.0,6.0,13.0,19.0,2.0,2.0,4.0,3.0,1622.0
2.0,1.0,2.0,1.0,43.0,21.0,2.0,2.0,2.0,5.0,1625.0
1.0,1.0,2.0,2.0,13.0,26.0,1.0,2.0,5.0,3.0,1627.0
1.0,1.0,2.0,2.0,5.0,45.0,2.0,2.0,5.0,7.0,1628.0
2.0,1.0,2.0,1.0,13.0,29.0,1.0,2.0,5.0,5.0,1629.0
2.0,1.0,4.0,4.0,9.0,54.0,1.0,2.0,4.0,2.0,1630.0
1.0,5.0,2.0,2.0,5.0,49.0,1.0,2.0,5.0,5.0,1631.0
1.0,3.0,3.0,1.0,5.0,29.0,2.0,2.0,5.0,7.0,1632.0
2.0,3.0,4.0,4.0,37.0,49.0,2.0,2.0,5.0,3.0,1633.0
3.0,3.0,4.0,1.0,5.0,66.0,1.0,2.0,5.0,7.0,1634.0
2.0,1.0,1.0,7.0,38.0,48.0,2.0,2.0,5.0,3.0,1635.0
2.0,1.0,1.0,5.0,33.0,43.0,2.0,2.0,5.0,7.0,1636.0
3.0,4.0,2.0,2.0,43.0,68.0,2.0,1.0,5.0,7.0,1637.0
2.0,1.0,2.0,1.0,5.0,24.0,2.0,2.0,2.0,3.0,1638.0
1.0,1.0,2.0,2.0,5.0,59.0,2.0,2.0,5.0,5.0,1640.0
2.0,5.0,2.0,1.0,47.0,63.0,2.0,2.0,5.0,3.0,1641.0
1.0,5.0,3.0,1.0,1.0,33.0,1.0,1.0,6.0,3.0,1645.0
2.0,1.0,2.0,1.0,38.0,51.0,1.0,2.0,5.0,7.0,1646.0
3.0,1.0,1.0,7.0,5.0,72.0,2.0,2.0,5.0,3.0,1647.0
2.0,1.0,2.0,2.0,5.0,34.0,1.0,2.0,5.0,7.0,1650.0
2.0,1.0,1.0,5.0,5.0,28.0,1.0,2.0,5.0,2.0,1651.0
2.0,1.0,2.0,2.0,36.0,42.0,2.0,2.0,5.0,5.0,1652.0
1.0,6.0,2.0,4.0,22.0,22.0,2.0,2.0,5.0,2.0,1654.0
1.0,1.0,3.0,1.0,22.0,59.0,1.0,2.0,5.0,6.0,1656.0
1.0,3.0,2.0,2.0,6.0,44.0,2.0,3.0,2.0,8.0,1658.0
1.0,2.0,2.0,1.0,26.0,42.0,2.0,2.0,5.0,4.0,1659.0
1.0,4.0,1.0,3.0,9.0,43.0,1.0,2.0,5.0,7.0,1660.0
2.0,3.0,2.0,2.0,32.0,33.0,2.0,2.0,5.0,5.0,1661.0
1.0,2.0,1.0,7.0,35.0,64.0,1.0,2.0,5.0,5.0,1662.0
1.0,4.0,2.0,1.0,20.0,47.0,2.0,2.0,5.0,7.0,1663.0
2.0,1.0,3.0,2.0,5.0,67.0,1.0,2.0,7.0,5.0,1664.0
1.0,2.0,2.0,2.0,5.0,23.0,1.0,2.0,2.0,6.0,1666.0
1.0,6.0,3.0,4.0,46.0,45.0,2.0,1.0,5.0,7.0,1667.0
1.0,3.0,3.0,4.0,14.0,24.0,1.0,1.0,5.0,3.0,1669.0
1.0,2.0,3.0,3.0,31.0,34.0,1.0,2.0,5.0,5.0,1670.0
1.0,1.0,2.0,1.0,22.0,47.0,1.0,2.0,5.0,5.0,1671.0
1.0,5.0,3.0,5.0,3.0,47.0,2.0,2.0,5.0,5.0,1672.0
1.0,3.0,3.0,4.0,13.0,55.0,2.0,2.0,4.0,4.0,1673.0
1.0,3.0,3.0,4.0,3.0,49.0,1.0,2.0,5.0,3.0,1675.0
1.0,3.0,2.0,2.0,20.0,76.0,1.0,2.0,5.0,7.0,1677.0
1.0,3.0,1.0,4.0,48.0,37.0,1.0,2.0,5.0,5.0,1679.0
1.0,3.0,2.0,7.0,14.0,21.0,1.0,2.0,5.0,2.0,1680.0
1.0,3.0,3.0,1.0,25.0,53.0,2.0,2.0,5.0,9.0,1681.0
1.0,3.0,3.0,5.0,37.0,46.0,1.0,2.0,5.0,4.0,1688.0
1.0,4.0,2.0,3.0,5.0,24.0,2.0,2.0,5.0,5.0,1691.0
1.0,2.0,2.0,3.0,5.0,35.0,2.0,2.0,2.0,5.0,1692.0
1.0,2.0,2.0,4.0,35.0,27.0,2.0,2.0,5.0,5.0,1693.0
1.0,4.0,2.0,2.0,30.0,37.0,1.0,2.0,5.0,5.0,1694.0
1.0,2.0,3.0,4.0,17.0,44.0,2.0,2.0,5.0,4.0,1695.0
1.0,4.0,2.0,2.0,43.0,23.0,2.0,2.0,5.0,5.0,1696.0
1.0,6.0,3.0,4.0,32.0,55.0,1.0,2.0,5.0,7.0,1697.0
1.0,4.0,4.0,1.0,5.0,37.0,2.0,2.0,5.0,3.0,1701.0
1.0,3.0,1.0,6.0,38.0,55.0,1.0,2.0,5.0,3.0,1702.0
1.0,1.0,2.0,2.0,41.0,64.0,2.0,2.0,5.0,5.0,1705.0
2.0,1.0,1.0,6.0,40.0,46.0,2.0,2.0,5.0,6.0,1706.0
1.0,1.0,3.0,2.0,43.0,56.0,2.0,2.0,5.0,3.0,1708.0
1.0,3.0,1.0,6.0,33.0,55.0,1.0,2.0,5.0,5.0,1710.0
1.0,3.0,2.0,5.0,5.0,33.0,1.0,2.0,4.0,5.0,1711.0
1.0,3.0,1.0,3.0,5.0,30.0,1.0,2.0,4.0,5.0,1714.0
1.0,3.0,3.0,5.0,5.0,42.0,1.0,2.0,6.0,5.0,1715.0
1.0,3.0,3.0,6.0,9.0,43.0,2.0,2.0,5.0,5.0,1716.0
1.0,5.0,3.0,5.0,5.0,56.0,1.0,2.0,5.0,5.0,1720.0
1.0,3.0,4.0,1.0,32.0,22.0,2.0,2.0,6.0,5.0,1721.0
1.0,4.0,1.0,1.0,46.0,42.0,1.0,2.0,5.0,7.0,1722.0
1.0,3.0,2.0,4.0,24.0,48.0,2.0,2.0,5.0,3.0,1723.0
1.0,3.0,1.0,6.0,5.0,34.0,1.0,1.0,5.0,5.0,1724.0
1.0,2.0,2.0,5.0,10.0,45.0,1.0,2.0,4.0,5.0,1725.0
1.0,2.0,4.0,4.0,27.0,40.0,2.0,2.0,5.0,4.0,1726.0
1.0,4.0,2.0,4.0,5.0,23.0,1.0,1.0,7.0,3.0,1727.0
1.0,1.0,3.0,4.0,8.0,41.0,2.0,2.0,6.0,2.0,1730.0
1.0,3.0,3.0,4.0,47.0,59.0,2.0,2.0,5.0,5.0,1732.0
2.0,1.0,2.0,1.0,11.0,33.0,2.0,1.0,5.0,3.0,1733.0
1.0,5.0,1.0,6.0,38.0,25.0,1.0,2.0,5.0,6.0,1737.0
1.0,4.0,1.0,7.0,13.0,35.0,1.0,2.0,5.0,5.0,1739.0
2.0,5.0,3.0,3.0,13.0,46.0,2.0,2.0,5.0,3.0,1740.0
2.0,1.0,3.0,5.0,5.0,53.0,2.0,2.0,5.0,7.0,1742.0
1.0,4.0,2.0,2.0,35.0,28.0,2.0,2.0,5.0,5.0,1743.0
1.0,4.0,1.0,5.0,10.0,63.0,1.0,2.0,5.0,5.0,1744.0
1.0,4.0,2.0,1.0,32.0,24.0,2.0,2.0,5.0,7.0,1745.0
2.0,1.0,2.0,1.0,32.0,26.0,2.0,2.0,2.0,6.0,1747.0
1.0,1.0,3.0,5.0,11.0,26.0,1.0,2.0,2.0,3.0,1748.0
1.0,5.0,2.0,1.0,3.0,42.0,1.0,2.0,5.0,7.0,1750.0
2.0,1.0,1.0,5.0,36.0,40.0,2.0,2.0,5.0,2.0,1753.0
1.0,3.0,2.0,2.0,47.0,32.0,1.0,2.0,5.0,6.0,1754.0
1.0,4.0,2.0,3.0,17.0,59.0,1.0,2.0,5.0,8.0,1755.0
1.0,4.0,2.0,1.0,32.0,33.0,2.0,2.0,5.0,5.0,1756.0
1.0,5.0,1.0,5.0,8.0,47.0,1.0,2.0,5.0,7.0,1757.0
1.0,4.0,2.0,1.0,32.0,35.0,1.0,1.0,5.0,8.0,1758.0
2.0,1.0,2.0,2.0,43.0,61.0,2.0,2.0,7.0,3.0,1760.0
3.0,1.0,2.0,2.0,5.0,58.0,2.0,2.0,5.0,3.0,1761.0
1.0,5.0,3.0,3.0,18.0,45.0,1.0,1.0,5.0,4.0,1762.0
3.0,3.0,1.0,6.0,3.0,67.0,2.0,2.0,5.0,3.0,1763.0
1.0,3.0,2.0,3.0,9.0,36.0,2.0,1.0,5.0,7.0,1764.0
1.0,2.0,2.0,1.0,38.0,49.0,1.0,2.0,5.0,7.0,1765.0
1.0,6.0,3.0,4.0,49.0,52.0,1.0,2.0,6.0,8.0,1767.0
1.0,1.0,2.0,1.0,9.0,36.0,1.0,2.0,5.0,2.0,1770.0
1.0,4.0,2.0,2.0,3.0,57.0,2.0,2.0,5.0,5.0,1772.0
1.0,2.0,1.0,5.0,38.0,46.0,2.0,2.0,5.0,5.0,1773.0
1.0,4.0,1.0,6.0,9.0,53.0,1.0,2.0,5.0,3.0,1774.0
2.0,1.0,1.0,6.0,23.0,35.0,2.0,2.0,5.0,5.0,1775.0
1.0,2.0,3.0,1.0,43.0,37.0,1.0,2.0,4.0,2.0,1778.0
1.0,2.0,3.0,4.0,33.0,29.0,1.0,2.0,2.0,7.0,1779.0
2.0,1.0,2.0,4.0,5.0,49.0,2.0,1.0,5.0,3.0,1780.0
1.0,1.0,3.0,4.0,17.0,22.0,2.0,2.0,5.0,3.0,1783.0
2.0,1.0,2.0,2.0,30.0,31.0,1.0,1.0,5.0,5.0,1786.0
1.0,1.0,4.0,6.0,35.0,36.0,2.0,2.0,5.0,3.0,1788.0
1.0,3.0,2.0,1.0,32.0,43.0,2.0,2.0,5.0,7.0,1789.0
2.0,1.0,2.0,2.0,5.0,24.0,1.0,2.0,5.0,5.0,1790.0
3.0,2.0,3.0,6.0,43.0,72.0,2.0,2.0,5.0,5.0,1792.0
2.0,1.0,4.0,1.0,47.0,32.0,2.0,2.0,6.0,7.0,1793.0
1.0,5.0,2.0,2.0,32.0,72.0,1.0,2.0,5.0,6.0,1794.0
1.0,4.0,3.0,5.0,21.0,38.0,1.0,2.0,5.0,5.0,1795.0
1.0,4.0,3.0,5.0,43.0,35.0,1.0,2.0,5.0,5.0,1796.0
